[{"model": "contenttypes.contenttype", "pk": 1, "fields": {"app_label": "admin", "model": "logentry"}}, {"model": "contenttypes.contenttype", "pk": 2, "fields": {"app_label": "auth", "model": "permission"}}, {"model": "contenttypes.contenttype", "pk": 3, "fields": {"app_label": "auth", "model": "group"}}, {"model": "contenttypes.contenttype", "pk": 4, "fields": {"app_label": "auth", "model": "user"}}, {"model": "contenttypes.contenttype", "pk": 5, "fields": {"app_label": "contenttypes", "model": "contenttype"}}, {"model": "contenttypes.contenttype", "pk": 6, "fields": {"app_label": "sessions", "model": "session"}}, {"model": "contenttypes.contenttype", "pk": 7, "fields": {"app_label": "players", "model": "historicalactiontype"}}, {"model": "contenttypes.contenttype", "pk": 8, "fields": {"app_label": "players", "model": "actiontype"}}, {"model": "contenttypes.contenttype", "pk": 9, "fields": {"app_label": "players", "model": "historicalactionoption"}}, {"model": "contenttypes.contenttype", "pk": 10, "fields": {"app_label": "players", "model": "actionoption"}}, {"model": "contenttypes.contenttype", "pk": 11, "fields": {"app_label": "players", "model": "historicalinfluence"}}, {"model": "contenttypes.contenttype", "pk": 12, "fields": {"app_label": "players", "model": "influence"}}, {"model": "contenttypes.contenttype", "pk": 13, "fields": {"app_label": "players", "model": "historicalpopulation"}}, {"model": "contenttypes.contenttype", "pk": 14, "fields": {"app_label": "players", "model": "population"}}, {"model": "contenttypes.contenttype", "pk": 15, "fields": {"app_label": "players", "model": "historicaldiscipline"}}, {"model": "contenttypes.contenttype", "pk": 16, "fields": {"app_label": "players", "model": "discipline"}}, {"model": "contenttypes.contenttype", "pk": 17, "fields": {"app_label": "players", "model": "historicaltitle"}}, {"model": "contenttypes.contenttype", "pk": 18, "fields": {"app_label": "players", "model": "title"}}, {"model": "contenttypes.contenttype", "pk": 19, "fields": {"app_label": "players", "model": "historicalage"}}, {"model": "contenttypes.contenttype", "pk": 20, "fields": {"app_label": "players", "model": "age"}}, {"model": "contenttypes.contenttype", "pk": 21, "fields": {"app_label": "players", "model": "historicalclan"}}, {"model": "contenttypes.contenttype", "pk": 22, "fields": {"app_label": "players", "model": "clan"}}, {"model": "contenttypes.contenttype", "pk": 23, "fields": {"app_label": "players", "model": "historicalcharacter"}}, {"model": "contenttypes.contenttype", "pk": 24, "fields": {"app_label": "players", "model": "character"}}, {"model": "contenttypes.contenttype", "pk": 25, "fields": {"app_label": "players", "model": "historicaldomain"}}, {"model": "contenttypes.contenttype", "pk": 26, "fields": {"app_label": "players", "model": "domain"}}, {"model": "contenttypes.contenttype", "pk": 27, "fields": {"app_label": "players", "model": "historicalinfluencerating"}}, {"model": "contenttypes.contenttype", "pk": 28, "fields": {"app_label": "players", "model": "influencerating"}}, {"model": "contenttypes.contenttype", "pk": 29, "fields": {"app_label": "players", "model": "historicalsession"}}, {"model": "contenttypes.contenttype", "pk": 30, "fields": {"app_label": "players", "model": "session"}}, {"model": "contenttypes.contenttype", "pk": 31, "fields": {"app_label": "players", "model": "historicalaction"}}, {"model": "contenttypes.contenttype", "pk": 32, "fields": {"app_label": "players", "model": "action"}}, {"model": "contenttypes.contenttype", "pk": 33, "fields": {"app_label": "players", "model": "historicalfeeding"}}, {"model": "contenttypes.contenttype", "pk": 34, "fields": {"app_label": "players", "model": "feeding"}}, {"model": "contenttypes.contenttype", "pk": 35, "fields": {"app_label": "players", "model": "historicalactivedisciplines"}}, {"model": "contenttypes.contenttype", "pk": 36, "fields": {"app_label": "players", "model": "activedisciplines"}}, {"model": "contenttypes.contenttype", "pk": 37, "fields": {"app_label": "players", "model": "historicalextraaction"}}, {"model": "contenttypes.contenttype", "pk": 38, "fields": {"app_label": "players", "model": "extraaction"}}, {"model": "contenttypes.contenttype", "pk": 39, "fields": {"app_label": "sites", "model": "site"}}, {"model": "contenttypes.contenttype", "pk": 40, "fields": {"app_label": "django_comments", "model": "comment"}}, {"model": "contenttypes.contenttype", "pk": 41, "fields": {"app_label": "django_comments", "model": "commentflag"}}, {"model": "contenttypes.contenttype", "pk": 42, "fields": {"app_label": "players", "model": "rumor"}}, {"model": "sessions.session", "pk": "1jg1qjcc978j6055m7bqg66jqm0wof9q", "fields": {"session_data": "ZjA2MmJjNzNiMjJmMzNkODg4NDdmYjVkZDMyOTYxYjZmZWEyZGVlMjp7Il9hdXRoX3VzZXJfYmFja2VuZCI6ImRqYW5nby5jb250cmliLmF1dGguYmFja2VuZHMuTW9kZWxCYWNrZW5kIiwiX2F1dGhfdXNlcl9pZCI6MiwiX2F1dGhfdXNlcl9oYXNoIjoiYjM2NDllNmU4NDJjYmJiZTJiZDQ2YzFmNGQwOGI2NjQ2ODA4NDgxOSJ9", "expire_date": "2016-01-29T11:03:22.562Z"}}, {"model": "sessions.session", "pk": "3fzdrsryzyfmzih10m7zlwahnh484j8a", "fields": {"session_data": "ZTg3YjY5NDU3MTgyZTFiYjM5N2IxNzYxZDkyOTVkNzI5MWM2N2IwNDp7Il9hdXRoX3VzZXJfaWQiOjUsIl9hdXRoX3VzZXJfaGFzaCI6ImZjYmFkYjBlM2E5ZTk2NWU0MDk3YzU1NTg1NTk1NjBlMDQ2ZGY0YzciLCJfYXV0aF91c2VyX2JhY2tlbmQiOiJkamFuZ28uY29udHJpYi5hdXRoLmJhY2tlbmRzLk1vZGVsQmFja2VuZCJ9", "expire_date": "2016-02-22T12:16:26.739Z"}}, {"model": "sessions.session", "pk": "3vou4dl25l65di9pt86043xdcu0yknw9", "fields": {"session_data": "ZTk3NzgwYWVjNzM3MmViMWQ2ZjVmODBhODAyMDBmYjE4NjA0MjNlMDp7Il9hdXRoX3VzZXJfYmFja2VuZCI6ImRqYW5nby5jb250cmliLmF1dGguYmFja2VuZHMuTW9kZWxCYWNrZW5kIiwiX2F1dGhfdXNlcl9pZCI6NywiX2F1dGhfdXNlcl9oYXNoIjoiYzM2M2E0MTkyNjdhNmRmMjJjNWI3ZGVlZGI3NDlhNmIzMTBlM2ZiNyJ9", "expire_date": "2016-01-29T12:57:05.857Z"}}, {"model": "sessions.session", "pk": "5oqwrq5ulsw24eoh0pb6q0eg9arau42o", "fields": {"session_data": "ODgwYmE2YjQyMTAyZjJhNmNlNWY3MThkODc4ZTZmMTVhYjY3YmQ0MTp7Il9hdXRoX3VzZXJfaGFzaCI6Ijg1YjQ5ZjAzMjVlNzFmNTQyZjhjZWZhNmM4YjE2NzEwODk5YWFkOTEiLCJfYXV0aF91c2VyX2lkIjoxLCJfYXV0aF91c2VyX2JhY2tlbmQiOiJkamFuZ28uY29udHJpYi5hdXRoLmJhY2tlbmRzLk1vZGVsQmFja2VuZCJ9", "expire_date": "2016-02-18T11:45:51.821Z"}}, {"model": "sessions.session", "pk": "9tm8c0g4vrwijtr1nvut7k34or1kzhd7", "fields": {"session_data": "ZjA2MmJjNzNiMjJmMzNkODg4NDdmYjVkZDMyOTYxYjZmZWEyZGVlMjp7Il9hdXRoX3VzZXJfYmFja2VuZCI6ImRqYW5nby5jb250cmliLmF1dGguYmFja2VuZHMuTW9kZWxCYWNrZW5kIiwiX2F1dGhfdXNlcl9pZCI6MiwiX2F1dGhfdXNlcl9oYXNoIjoiYjM2NDllNmU4NDJjYmJiZTJiZDQ2YzFmNGQwOGI2NjQ2ODA4NDgxOSJ9", "expire_date": "2016-01-29T11:06:48.435Z"}}, {"model": "sessions.session", "pk": "9xh885bxapnjwihf7nonpytukcdnuewy", "fields": {"session_data": "MDFkY2ZiMGJkNGQ4NDkxNjdmOTNlNmM3YTUyNjlhMjE3ZGExNTc2ZDp7IndpemFyZF9zdWJtaXRfd2l6YXJkIjp7InN0ZXBfZmlsZXMiOnsiMSI6e30sIjAiOnt9fSwic3RlcCI6IjIiLCJleHRyYV9kYXRhIjp7fSwic3RlcF9kYXRhIjp7IjEiOnsiMS0xLWRlc2NyaXB0aW9uIjpbIiJdLCJjc3JmbWlkZGxld2FyZXRva2VuIjpbIlIzVkdQMTU1MXVJRmlYVDlRMUl5WjBVamV0SUxCU0ZTIl0sIjEtMC1pZCI6WyIiXSwiMS1UT1RBTF9GT1JNUyI6WyIzIl0sIjEtMS1mZWVkaW5nX3BvaW50cyI6WyIiXSwiMS1NSU5fTlVNX0ZPUk1TIjpbIjAiXSwiMS0xLWRvbWFpbiI6WyIiXSwiMS0yLWZlZWRpbmdfcG9pbnRzIjpbIiJdLCIxLTEtaWQiOlsiIl0sIjEtMC1mZWVkaW5nX3BvaW50cyI6WyIxIl0sIjEtMC1kaXNjaXBsaW5lIjpbIiJdLCIxLTEtZGlzY2lwbGluZSI6WyIiXSwiMS0yLWlkIjpbIiJdLCIxLTAtZGVzY3JpcHRpb24iOlsiNCJdLCIxLTItZGlzY2lwbGluZSI6WyIiXSwic3VibWl0X3dpemFyZC1jdXJyZW50X3N0ZXAiOlsiMSJdLCIxLTItZGVzY3JpcHRpb24iOlsiIl0sIjEtTUFYX05VTV9GT1JNUyI6WyIzIl0sIjEtMi1kb21haW4iOlsiIl0sIjEtMC1kb21haW4iOlsiMyJdLCIxLUlOSVRJQUxfRk9STVMiOlsiMCJdfSwiMCI6eyJjc3JmbWlkZGxld2FyZXRva2VuIjpbIlIzVkdQMTU1MXVJRmlYVDlRMUl5WjBVamV0SUxCU0ZTIl0sInN1Ym1pdF93aXphcmQtY3VycmVudF9zdGVwIjpbIjAiXSwiMC1UT1RBTF9GT1JNUyI6WyIxIl0sIjAtSU5JVElBTF9GT1JNUyI6WyIwIl0sIjAtMC1kaXNjaXBsaW5lcyI6WyIxIiwiMyJdLCIwLU1JTl9OVU1fRk9STVMiOlsiMCJdLCIwLU1BWF9OVU1fRk9STVMiOlsiMSJdLCIwLTAtaWQiOlsiIl19fX0sIl9hdXRoX3VzZXJfYmFja2VuZCI6ImRqYW5nby5jb250cmliLmF1dGguYmFja2VuZHMuTW9kZWxCYWNrZW5kIiwiX2F1dGhfdXNlcl9pZCI6NSwiX2F1dGhfdXNlcl9oYXNoIjoiZmNiYWRiMGUzYTllOTY1ZTQwOTdjNTU1ODU1OTU2MGUwNDZkZjRjNyJ9", "expire_date": "2016-01-28T23:14:44.334Z"}}, {"model": "sessions.session", "pk": "9xv00vunrakidpntkoi31plsxnx2wssl", "fields": {"session_data": "NzdjNmYyNGJlYTUxOTRiMDgwZmI5MTM5OGZkODFmYmNlYjZkMzM4MDp7Il9hdXRoX3VzZXJfYmFja2VuZCI6ImRqYW5nby5jb250cmliLmF1dGguYmFja2VuZHMuTW9kZWxCYWNrZW5kIiwiX2F1dGhfdXNlcl9oYXNoIjoiNDEyNzc5ZmQwZGY3MTRjY2IyY2U5ODQ1MGM1MDgzMmMyMDU4OGNiZSIsIndpemFyZF9zdWJtaXRfd2l6YXJkIjp7ImV4dHJhX2RhdGEiOnt9LCJzdGVwX2ZpbGVzIjp7fSwic3RlcF9kYXRhIjp7fSwic3RlcCI6bnVsbH0sIl9hdXRoX3VzZXJfaWQiOiI0In0=", "expire_date": "2016-03-01T16:00:14.585Z"}}, {"model": "sessions.session", "pk": "a7s5umf0890pm4xolrogz66hkyo1b3ra", "fields": {"session_data": "NWRiNzE0ZDE2ZGU1YTkyYzE0OWRjZjlkZjQ5MmUzOTFhYzY0MGYzZDp7Il9hdXRoX3VzZXJfaWQiOjIsIl9hdXRoX3VzZXJfYmFja2VuZCI6ImRqYW5nby5jb250cmliLmF1dGguYmFja2VuZHMuTW9kZWxCYWNrZW5kIiwiX2F1dGhfdXNlcl9oYXNoIjoiYzQ0ZmQ4OTc0YzdiOGE1YjBlYjI0NmU1Mjg4OGI3Y2IzYmEyN2UxZSJ9", "expire_date": "2016-01-25T23:09:51.250Z"}}, {"model": "sessions.session", "pk": "bcw3lqeoo5db4d4crmfeipce7k6ujv97", "fields": {"session_data": "YWZkNGZmYzZjMjk5ZDkyOGQ3NTQxMTdmYjgxYjI2ODlmMDZjMDdmYTp7Il9hdXRoX3VzZXJfaWQiOjUsIndpemFyZF9zdWJtaXRfd2l6YXJkIjp7InN0ZXBfZGF0YSI6eyIwIjp7IjAtSU5JVElBTF9GT1JNUyI6WyIwIl0sInN1Ym1pdF93aXphcmQtY3VycmVudF9zdGVwIjpbIjAiXSwiMC0wLWRpc2NpcGxpbmVzIjpbIjMiXSwiMC1NQVhfTlVNX0ZPUk1TIjpbIjEiXSwiMC1UT1RBTF9GT1JNUyI6WyIxIl0sImNzcmZtaWRkbGV3YXJldG9rZW4iOlsiMFRVSGgwOXZycXJOczhaTTJWMms3MHhwQlpiMnVreTIiXSwiMC0wLWlkIjpbIiJdLCIwLU1JTl9OVU1fRk9STVMiOlsiMCJdfSwiMSI6eyIxLTAtZG9tYWluIjpbIjMiXSwiMS0xLWRvbWFpbiI6WyIiXSwiY3NyZm1pZGRsZXdhcmV0b2tlbiI6WyIwVFVIaDA5dnJxck5zOFpNMlYyazcweHBCWmIydWt5MiJdLCIxLTEtZGlzY2lwbGluZSI6WyIiXSwiMS0yLWlkIjpbIiJdLCIxLTItZG9tYWluIjpbIiJdLCIxLTAtZmVlZGluZ19wb2ludHMiOlsiNSJdLCIxLU1BWF9OVU1fRk9STVMiOlsiMyJdLCIxLVRPVEFMX0ZPUk1TIjpbIjMiXSwiMS0yLWRpc2NpcGxpbmUiOlsiIl0sIjEtMC1kaXNjaXBsaW5lIjpbIiJdLCIxLTItZGVzY3JpcHRpb24iOlsiIl0sIjEtMC1pZCI6WyIiXSwiMS0xLWlkIjpbIiJdLCIxLTEtZmVlZGluZ19wb2ludHMiOlsiIl0sIjEtMC1kZXNjcmlwdGlvbiI6WyJIb2JvIG1lYWwiXSwiMS0xLWRlc2NyaXB0aW9uIjpbIiJdLCIxLTItZmVlZGluZ19wb2ludHMiOlsiIl0sIjEtTUlOX05VTV9GT1JNUyI6WyIwIl0sInN1Ym1pdF93aXphcmQtY3VycmVudF9zdGVwIjpbIjEiXSwiMS1JTklUSUFMX0ZPUk1TIjpbIjAiXX19LCJleHRyYV9kYXRhIjp7fSwic3RlcCI6IjIiLCJzdGVwX2ZpbGVzIjp7IjAiOnt9LCIxIjp7fX19LCJfYXV0aF91c2VyX2hhc2giOiJmY2JhZGIwZTNhOWU5NjVlNDA5N2M1NTU4NTU5NTYwZTA0NmRmNGM3IiwiX2F1dGhfdXNlcl9iYWNrZW5kIjoiZGphbmdvLmNvbnRyaWIuYXV0aC5iYWNrZW5kcy5Nb2RlbEJhY2tlbmQifQ==", "expire_date": "2016-02-04T12:40:52.471Z"}}, {"model": "sessions.session", "pk": "bjcdzk5g81m96mfzay9jmkqp9mbmkvp9", "fields": {"session_data": "NTc5NjRkN2JkN2Y4YzkwMmY1NDJiZTZhMTQ2NWJjYjU1MzcyZDA1ZTp7Il9hdXRoX3VzZXJfaWQiOjUsIndpemFyZF9zdWJtaXRfd2l6YXJkIjp7InN0ZXBfZGF0YSI6e30sInN0ZXBfZmlsZXMiOnt9LCJzdGVwIjpudWxsLCJleHRyYV9kYXRhIjp7fX0sIl9hdXRoX3VzZXJfYmFja2VuZCI6ImRqYW5nby5jb250cmliLmF1dGguYmFja2VuZHMuTW9kZWxCYWNrZW5kIiwiX2F1dGhfdXNlcl9oYXNoIjoiZjkxNjFmZDY2ZDU3OGRlZjc3NWRmZGIyYmI1NjUwNThkZTU0MWE5YiJ9", "expire_date": "2016-01-25T23:08:02.855Z"}}, {"model": "sessions.session", "pk": "dyjyo0nd195h48b52yl65pw39br4abr1", "fields": {"session_data": "MjAyYjhhNzBmZjFhMTdlNjA3YWYyNzRjNjQ2M2JmZjZiMjU1ZGQyOTp7Il9hdXRoX3VzZXJfYmFja2VuZCI6ImRqYW5nby5jb250cmliLmF1dGguYmFja2VuZHMuTW9kZWxCYWNrZW5kIiwiX2F1dGhfdXNlcl9oYXNoIjoiMzA5Y2JlZmZhYzdjZGYwMzY0MDMzOGIyYTc5MmUxYjFiMzA5Yjg3ZCIsIl9hdXRoX3VzZXJfaWQiOjF9", "expire_date": "2016-01-30T12:19:22.250Z"}}, {"model": "sessions.session", "pk": "dzcbni4avbpuwu4coafv2ktvl7xk8ium", "fields": {"session_data": "ZTg3YjY5NDU3MTgyZTFiYjM5N2IxNzYxZDkyOTVkNzI5MWM2N2IwNDp7Il9hdXRoX3VzZXJfaWQiOjUsIl9hdXRoX3VzZXJfaGFzaCI6ImZjYmFkYjBlM2E5ZTk2NWU0MDk3YzU1NTg1NTk1NjBlMDQ2ZGY0YzciLCJfYXV0aF91c2VyX2JhY2tlbmQiOiJkamFuZ28uY29udHJpYi5hdXRoLmJhY2tlbmRzLk1vZGVsQmFja2VuZCJ9", "expire_date": "2016-02-22T11:19:02.071Z"}}, {"model": "sessions.session", "pk": "g5l8eybo5a7dmczt8cyhgvmnbnqziz4l", "fields": {"session_data": "ZWFkOWM1ODYzMWYwMjNhOGVjZDFjMTJkNzAyYmIyNDdmYzM3MDFkYjp7Il9hdXRoX3VzZXJfaWQiOjQsIndpemFyZF9zdWJtaXRfd2l6YXJkIjp7InN0ZXBfZGF0YSI6e30sInN0ZXBfZmlsZXMiOnt9LCJzdGVwIjpudWxsLCJleHRyYV9kYXRhIjp7fX0sIl9hdXRoX3VzZXJfYmFja2VuZCI6ImRqYW5nby5jb250cmliLmF1dGguYmFja2VuZHMuTW9kZWxCYWNrZW5kIiwiX2F1dGhfdXNlcl9oYXNoIjoiNjU5MmE4YzQ1ZmEzOGY1MDI1ZDljNTNmNDE0MTA4ODllMGY0MjFlZSJ9", "expire_date": "2016-01-25T23:05:27.819Z"}}, {"model": "sessions.session", "pk": "gvuia6dd9mpvgve5makcj5l95at8wfc9", "fields": {"session_data": "MGY2NDc4YjZiYTQzZjE1MGZmZmQyNDFlMmFjZjA2YWVlNWRmYWY4NTp7Il9hdXRoX3VzZXJfaWQiOjMsIndpemFyZF9zdWJtaXRfd2l6YXJkIjp7InN0ZXBfZGF0YSI6e30sInN0ZXBfZmlsZXMiOnt9LCJzdGVwIjpudWxsLCJleHRyYV9kYXRhIjp7fX0sIl9hdXRoX3VzZXJfYmFja2VuZCI6ImRqYW5nby5jb250cmliLmF1dGguYmFja2VuZHMuTW9kZWxCYWNrZW5kIiwiX2F1dGhfdXNlcl9oYXNoIjoiYjU1ZDk0ODk3MjIwNmJlNzhhYTRjNGQyMmZlOWMyM2Y5ZTE5NmUyMSJ9", "expire_date": "2016-01-25T23:05:16.421Z"}}, {"model": "sessions.session", "pk": "kv25pdqyrl2vsn1hhmwuk8bts9jquin3", "fields": {"session_data": "ZTc5NTc3YjgxNDEzMDNkMWZiZGU2NGI1ZmY3YmIxNGVjYWViOTEyNjp7Il9hdXRoX3VzZXJfaWQiOjEsIl9hdXRoX3VzZXJfaGFzaCI6IjMwOWNiZWZmYWM3Y2RmMDM2NDAzMzhiMmE3OTJlMWIxYjMwOWI4N2QiLCJfYXV0aF91c2VyX2JhY2tlbmQiOiJkamFuZ28uY29udHJpYi5hdXRoLmJhY2tlbmRzLk1vZGVsQmFja2VuZCJ9", "expire_date": "2016-01-30T12:57:48.367Z"}}, {"model": "sessions.session", "pk": "kxv73uggfx8jwlo8i82o8xekxjq1jjgi", "fields": {"session_data": "MTMzMWQxNTQzZDFkYjAzMGZiNjg3NDAzNTRkZTM3MzQ5ZTExNjQ5Nzp7Il9hdXRoX3VzZXJfaGFzaCI6IjMwOWNiZWZmYWM3Y2RmMDM2NDAzMzhiMmE3OTJlMWIxYjMwOWI4N2QiLCJfYXV0aF91c2VyX2JhY2tlbmQiOiJkamFuZ28uY29udHJpYi5hdXRoLmJhY2tlbmRzLk1vZGVsQmFja2VuZCIsIl9hdXRoX3VzZXJfaWQiOjF9", "expire_date": "2016-01-28T18:19:54.070Z"}}, {"model": "sessions.session", "pk": "mk333o6dm6gc0odce3jejldjm3ynh7ny", "fields": {"session_data": "MDZiOGNkN2E0ODg5OGY5NTBjOTI5MDRmZDA4ZDFlZGJmNDAxNDQzMzp7Il9hdXRoX3VzZXJfYmFja2VuZCI6ImRqYW5nby5jb250cmliLmF1dGguYmFja2VuZHMuTW9kZWxCYWNrZW5kIiwiX2F1dGhfdXNlcl9oYXNoIjoiYjE3ZmQwYjQzMmMzMmFmMzA1ZTRlMTJjZTRhMTgzYzZlMWM0NzFmMSIsIl9hdXRoX3VzZXJfaWQiOiIxIn0=", "expire_date": "2016-03-01T17:28:25.847Z"}}, {"model": "sessions.session", "pk": "nriwcrlfa8rfaelhwqjgqvmf1bjen0v1", "fields": {"session_data": "ODM4MWUwOTk4YjBhNTcyNzZlYjQxNzlhMGE3Yjg2YTIxNDZjODkyZjp7Il9hdXRoX3VzZXJfYmFja2VuZCI6ImRqYW5nby5jb250cmliLmF1dGguYmFja2VuZHMuTW9kZWxCYWNrZW5kIiwiX2F1dGhfdXNlcl9oYXNoIjoiYjFmOTA3MmFjODcyOGY1YzdmNzIzZTNjMThmYzUzZDM3N2IxZDFkNSIsIl9hdXRoX3VzZXJfaWQiOiIzIn0=", "expire_date": "2016-03-01T15:39:55.977Z"}}, {"model": "sessions.session", "pk": "qbmpw685r7s8sfn6f7mdaef5sxmh5s9a", "fields": {"session_data": "MzdiN2JjYmVhMDkyYzI4OTlmZjFjNjA5NWZlYjk3NTlhZWQ2NjA4ODp7Il9hdXRoX3VzZXJfaWQiOjUsIl9hdXRoX3VzZXJfYmFja2VuZCI6ImRqYW5nby5jb250cmliLmF1dGguYmFja2VuZHMuTW9kZWxCYWNrZW5kIiwiX2F1dGhfdXNlcl9oYXNoIjoiZjkxNjFmZDY2ZDU3OGRlZjc3NWRmZGIyYmI1NjUwNThkZTU0MWE5YiJ9", "expire_date": "2016-01-26T12:03:58.427Z"}}, {"model": "sessions.session", "pk": "qgenr2ejn1tfvnkgu2e8rr3i180cl554", "fields": {"session_data": "NWI2YzNlN2I4MmU1ZDg5YjA0MjBjOGNmMGNiYWJmYzA3ZjRmMGYxZDp7Il9hdXRoX3VzZXJfaGFzaCI6ImZjYmFkYjBlM2E5ZTk2NWU0MDk3YzU1NTg1NTk1NjBlMDQ2ZGY0YzciLCJfYXV0aF91c2VyX2JhY2tlbmQiOiJkamFuZ28uY29udHJpYi5hdXRoLmJhY2tlbmRzLk1vZGVsQmFja2VuZCIsIl9hdXRoX3VzZXJfaWQiOjUsIndpemFyZF9zdWJtaXRfd2l6YXJkIjp7InN0ZXAiOm51bGwsInN0ZXBfZGF0YSI6e30sImV4dHJhX2RhdGEiOnt9LCJzdGVwX2ZpbGVzIjp7fX19", "expire_date": "2016-02-14T18:29:28.075Z"}}, {"model": "sessions.session", "pk": "tjxknf0xmhfj33laxnd2s87881n3bquh", "fields": {"session_data": "MWI2YmQzNjFlMDcyODc4NGM2NzIxMTM4ZTVmYzJhMzI4NTI5NTUwOTp7Il9hdXRoX3VzZXJfaWQiOjQsIndpemFyZF9zdWJtaXRfd2l6YXJkIjp7InN0ZXBfZGF0YSI6e30sImV4dHJhX2RhdGEiOnt9LCJzdGVwIjoiMCIsInN0ZXBfZmlsZXMiOnt9fSwiX2F1dGhfdXNlcl9oYXNoIjoiZTMwODZjNzZjMTkxZDM4NzVjNWM3NGIwZTUwNzY3OThkNzU2ODhjOSIsIl9hdXRoX3VzZXJfYmFja2VuZCI6ImRqYW5nby5jb250cmliLmF1dGguYmFja2VuZHMuTW9kZWxCYWNrZW5kIn0=", "expire_date": "2016-01-30T19:04:36.216Z"}}, {"model": "sessions.session", "pk": "u7yfjgsvaanmqf8r2q31fziplgt9io4k", "fields": {"session_data": "Mzc5YmYxN2U2NmI1NGZkMzZlNGIwOTdjMWYyM2U1ZjM2MWViYzE5NDp7Il9hdXRoX3VzZXJfaWQiOjUsIl9hdXRoX3VzZXJfaGFzaCI6ImZjYmFkYjBlM2E5ZTk2NWU0MDk3YzU1NTg1NTk1NjBlMDQ2ZGY0YzciLCJ3aXphcmRfc3VibWl0X3dpemFyZCI6eyJzdGVwX2RhdGEiOnsiMCI6eyIwLUlOSVRJQUxfRk9STVMiOlsiMCJdLCIwLVRPVEFMX0ZPUk1TIjpbIjEiXSwiMC0wLWlkIjpbIiJdLCJzdWJtaXRfd2l6YXJkLWN1cnJlbnRfc3RlcCI6WyIwIl0sIjAtTUFYX05VTV9GT1JNUyI6WyIxIl0sIjAtTUlOX05VTV9GT1JNUyI6WyIwIl0sImNzcmZtaWRkbGV3YXJldG9rZW4iOlsiNmE2aDcxa28wa1ZzVWd1UmlXMXp1dTdQQ01RUkZZTlIiXSwiMC0wLWRpc2NpcGxpbmVzIjpbIjEiLCIzIl19LCIxIjp7IjEtMC1kb21haW4iOlsiMiJdLCIxLTAtZGVzY3JpcHRpb24iOlsiSFx1MDBlNXJ0Il0sIjEtMC1mZWVkaW5nX3BvaW50cyI6WyI0Il0sIjEtMS1mZWVkaW5nX3BvaW50cyI6WyIiXSwiMS0wLWlkIjpbIiJdLCIxLTEtZG9tYWluIjpbIiJdLCIxLUlOSVRJQUxfRk9STVMiOlsiMCJdLCIxLTAtZGlzY2lwbGluZSI6WyIzIl0sIjEtVE9UQUxfRk9STVMiOlsiMyJdLCJjc3JmbWlkZGxld2FyZXRva2VuIjpbIjZhNmg3MWtvMGtWc1VndVJpVzF6dXU3UENNUVJGWU5SIl0sIjEtMS1kZXNjcmlwdGlvbiI6WyIiXSwiMS0yLWlkIjpbIiJdLCIxLTEtaWQiOlsiIl0sInN1Ym1pdF93aXphcmQtY3VycmVudF9zdGVwIjpbIjEiXSwiMS0yLWRpc2NpcGxpbmUiOlsiIl0sIjEtMi1mZWVkaW5nX3BvaW50cyI6WyIiXSwiMS1NQVhfTlVNX0ZPUk1TIjpbIjMiXSwiMS0yLWRlc2NyaXB0aW9uIjpbIiJdLCIxLTEtZGlzY2lwbGluZSI6WyIiXSwiMS0yLWRvbWFpbiI6WyIiXSwiMS1NSU5fTlVNX0ZPUk1TIjpbIjAiXX19LCJzdGVwIjoiMiIsImV4dHJhX2RhdGEiOnt9LCJzdGVwX2ZpbGVzIjp7IjAiOnt9LCIxIjp7fX19LCJfYXV0aF91c2VyX2JhY2tlbmQiOiJkamFuZ28uY29udHJpYi5hdXRoLmJhY2tlbmRzLk1vZGVsQmFja2VuZCJ9", "expire_date": "2016-01-30T01:31:58.094Z"}}, {"model": "sessions.session", "pk": "wi9nvtr2xuwyrhkb8v02vrgvi61zujos", "fields": {"session_data": "ZTg3YjY5NDU3MTgyZTFiYjM5N2IxNzYxZDkyOTVkNzI5MWM2N2IwNDp7Il9hdXRoX3VzZXJfaWQiOjUsIl9hdXRoX3VzZXJfaGFzaCI6ImZjYmFkYjBlM2E5ZTk2NWU0MDk3YzU1NTg1NTk1NjBlMDQ2ZGY0YzciLCJfYXV0aF91c2VyX2JhY2tlbmQiOiJkamFuZ28uY29udHJpYi5hdXRoLmJhY2tlbmRzLk1vZGVsQmFja2VuZCJ9", "expire_date": "2016-01-30T13:05:35.083Z"}}, {"model": "sessions.session", "pk": "ydoxmg99v3kwq2nkyltmr0e283rqtc0a", "fields": {"session_data": "ZjQxMzgzZDlmM2VkYzNjOTQ3NTU1M2U5ZjEzOGM2MWMwZTBmNzRjYzp7Il9hdXRoX3VzZXJfaGFzaCI6ImZjYmFkYjBlM2E5ZTk2NWU0MDk3YzU1NTg1NTk1NjBlMDQ2ZGY0YzciLCJfYXV0aF91c2VyX2JhY2tlbmQiOiJkamFuZ28uY29udHJpYi5hdXRoLmJhY2tlbmRzLk1vZGVsQmFja2VuZCIsIl9hdXRoX3VzZXJfaWQiOjUsIndpemFyZF9zdWJtaXRfd2l6YXJkIjp7InN0ZXAiOiIyIiwic3RlcF9kYXRhIjp7IjEiOnsiMS0xLWRvbWFpbiI6WyIiXSwiMS1UT1RBTF9GT1JNUyI6WyIzIl0sIjEtMC1mZWVkaW5nX3BvaW50cyI6WyIiXSwiMS0wLWRpc2NpcGxpbmUiOlsiIl0sIjEtMC1pZCI6WyIiXSwiMS1NQVhfTlVNX0ZPUk1TIjpbIjMiXSwiMS0yLWRpc2NpcGxpbmUiOlsiIl0sIjEtMS1mZWVkaW5nX3BvaW50cyI6WyIiXSwiMS0xLWlkIjpbIiJdLCIxLTEtZGVzY3JpcHRpb24iOlsiIl0sImNzcmZtaWRkbGV3YXJldG9rZW4iOlsiUDRHWThRT205dDg5QXlwZ25GVzRJMEtaQ1dLYndBa3kiXSwiMS0yLWRlc2NyaXB0aW9uIjpbIiJdLCIxLTEtZGlzY2lwbGluZSI6WyIiXSwiMS0yLWRvbWFpbiI6WyIiXSwiMS0wLWRvbWFpbiI6WyIiXSwiMS0wLWRlc2NyaXB0aW9uIjpbIiJdLCJzdWJtaXRfd2l6YXJkLWN1cnJlbnRfc3RlcCI6WyIxIl0sIjEtMi1mZWVkaW5nX3BvaW50cyI6WyIiXSwiMS1NSU5fTlVNX0ZPUk1TIjpbIjAiXSwiMS0yLWlkIjpbIiJdLCIxLUlOSVRJQUxfRk9STVMiOlsiMCJdfSwiMCI6eyIwLVRPVEFMX0ZPUk1TIjpbIjEiXSwiMC0wLWlkIjpbIiJdLCIwLU1JTl9OVU1fRk9STVMiOlsiMCJdLCJzdWJtaXRfd2l6YXJkLWN1cnJlbnRfc3RlcCI6WyIwIl0sIjAtSU5JVElBTF9GT1JNUyI6WyIwIl0sIjAtTUFYX05VTV9GT1JNUyI6WyIxIl0sImNzcmZtaWRkbGV3YXJldG9rZW4iOlsiUDRHWThRT205dDg5QXlwZ25GVzRJMEtaQ1dLYndBa3kiXX19LCJleHRyYV9kYXRhIjp7fSwic3RlcF9maWxlcyI6eyIxIjp7fSwiMCI6e319fX0=", "expire_date": "2016-02-12T21:44:34.270Z"}}, {"model": "sites.site", "pk": 1, "fields": {"domain": "treachery.eu", "name": "Treachery"}}, {"model": "players.actiontype", "pk": 1, "fields": {"name": "Aid Action", "template": "Du hja\u0308lper/eller stja\u0308lper en annan karakta\u0308r. Du skickar in en Aid Action-handling och anger en handling som en annan karakta\u0308r ta\u0308nker genomfo\u0308ra och om du vill hja\u0308lpa eller stja\u0308lpa. Om de har skickat in handlingen som du anger sa\u030a fa\u030ar de va\u0308lja om de vill motta din Aid Action. De fra\u030an INTE veta om du kommer hja\u0308lpa eller stja\u0308lpa (du fa\u030ar givetvis pa\u030asta\u030a vad du vill). Om de vill ta emot din hja\u0308lp sla\u030ar du samma slag som de go\u0308r och la\u0308gger till/drar ifra\u030an dina lyckade till deras. Den du hja\u0308lper a\u0308r dock den\r\nsom fa\u030ar effekten av ett lyckat handling. Om handlingen du hja\u0308lper inneba\u0308r en risk sa\u030a kan den drabba a\u0308ven dig."}}, {"model": "players.actiontype", "pk": 2, "fields": {"name": "Conserve (Influence)", "template": "**Slag:** Charisma + Inflytandets Ability + Dominate\\* + 3 Automatiska lyckade\r\nVS Charisma + Inflytandets Ability + Presence\\* (Steal)\r\nELLER Strength/Charisma/Intellect + Inflytandets Ability/Combat/Intimidation + Celerity\\*/Fortitude\\*/Potence\\* OCH Manipulation + Inflytandets Ability + Auspex\\*\r\nVS Manipulation + Stealth + Obfuscate\\*\r\n\r\nDu f\u00f6rst\u00e4rker din kontroll o\u0308ver ett av dina etablerade inflytandeomra\u030aden och fa\u030ar mo\u0308jlighet att uppta\u0308cka vem som genomfo\u0308r eventuella angrepp. Vanligtvis fo\u0308rsvarar du ditt inflytande med Inflytandets ability + Dominate, men med conserve influence-handlingen fa\u030ar du la\u0308gga till din charisma och fa\u030ar dessutom tre automatiska lyckade."}}, {"model": "players.actiontype", "pk": 3, "fields": {"name": "Conserve (Domain)", "template": "**Slag:** Intellect + Dom\u00e4nens Ability + Animalism VS Sv\u00e5righetsgrad p\u00e5 problem\r\nOCH Wits + Dom\u00e4nens Ability + Protean\\*\r\nVS Wits + Stealth + Obfuscate\\*\r\n\r\nDu minskar de omedelbara effekterna av problem som uppst\u00e5r p\u00e5 din dom\u00e4n till f\u00f6ljd av ploter, downtimehandlingar och overfeeding. Du f\u00e5r ocks\u00e5 sl\u00e5 slag f\u00f6r att uppt\u00e4cka vem/vilka som overfeedat i din dom\u00e4n."}}, {"model": "players.actiontype", "pk": 4, "fields": {"name": "Influence (Forge)", "template": "**Slag:** Charisma + Inflytandets Ability + Presence\\* VS Special\r\n\r\n**Krav:** Tidigare lyckad Investigate (Influence) ELLER Namngiven karakt\u00e4r som inte \u00e4r en hook\r\n\r\nDu skapar en ny Hook f\u00f6rutsatt att det finns en ledig plats f\u00f6r dig. Om flera personer f\u00f6rs\u00f6ker flytta till en tom niv\u00e5 samtidigt best\u00e4ms vem platsen g\u00e5r enligt f\u00f6ljande:\r\n\r\n1. De som har f\u00f6rlorat en hook i inflytandet denna eller f\u00f6reg\u00e5ende downtime l\u00e4mnar f\u00f6retr\u00e4de till alla andra.\r\n2. De som stj\u00e4l inflytande f\u00e5r f\u00f6rtur.\r\n3. Den som har st\u00f6rst antal successes f\u00e5r f\u00f6rtur.\r\n\r\nDu m\u00e5ste specificera i vilken dom\u00e4n du skapar en ny hook. En lyckad kr\u00e4vs f\u00f6r att skapa en ny hook i en dom\u00e4n d\u00e4r inflytandet \u00e4r vanligt f\u00f6rekommande, annars kr\u00e4vs tre lyckade. Du f\u00e5r sl\u00e5 ett slag f\u00f6r att d\u00f6lja din inblandning."}}, {"model": "players.actiontype", "pk": 5, "fields": {"name": "Influence (Steal)", "template": "**Slag:** Charisma + Inflytandes Ability + Presence\\*\r\nVS Inflytandets Ability + Dominate\\*\r\nELLER Charisma + Inflytandets Ability + Dominate\\* + 3 Automatiska lyckade (om offret tagit Conserve (Influence)) OCH Manipulation + Stealth + Obfuscate\\*\r\nVS Manipulation + Inflytandets Ability + Auspex\\*\r\n\r\n**Krav:** Namngiven karakt\u00e4r som \u00e4r en hook tillh\u00f6rande en annan karakt\u00e4r\r\n\r\nDu stj\u00e4l en ny hook f\u00f6rutsatt att det finns en ledig plats f\u00f6r dig. I annat fall frig\u00f6rs hooken s\u00e5 att ingen l\u00e4ngre kontrollerar den. Du f\u00e5r sl\u00e5 ett slag f\u00f6r att d\u00f6lja din inblandning. Se Influence (Forge) f\u00f6r mer information."}}, {"model": "players.actiontype", "pk": 6, "fields": {"name": "Influence (Destroy)", "template": "**Slag:** Strength/Charisma/Intellect + Inflytandets Ability/Combat/Intimidation + Celerity\\*/Fortitude\\*/Potence\\*/Dementation\\*\r\nVS Inflytandets Ability + Dominate\\*\r\nELLER Charisma + Inflytandets Ability + Dominate\\* + 3 Automatiska lyckade (om offret tagit Conserve (Influence)) OCH Manipulation + Stealth + Obfuscate\\*\r\nVS Manipulation + Inflytandets Ability + Auspex\\*\r\n\r\n**Krav:** Namngiven karakt\u00e4r som \u00e4r en hook tillh\u00f6rande en annan karakt\u00e4r OCH F\u00f6rlora en Humanityniv\u00e5\r\n\r\nDu f\u00f6rst\u00f6r permanent en hook. Du f\u00e5r sl\u00e5 ett slag f\u00f6r att d\u00f6lja din inblandning."}}, {"model": "players.actiontype", "pk": 7, "fields": {"name": "Investigate (Character: Influence)", "template": "**Slag:** Wits + Investigation + Auspex\\* VS Special\r\n\r\nDu unders\u00f6ker en karakt\u00e4rs inflytande. Du f\u00e5r spendera dina lyckade f\u00f6r att f\u00e5 information enligt f\u00f6ljande:\r\n\r\n* Alla Masterniv\u00e5er 1\r\n* Alla Master och Contenderniv\u00e5er 2\r\n* Alla Inflytandeniv\u00e5er 3\r\n* Alla hooks i ett valt inflytande 2\r\n* En hook i ett valt inflytande 1\r\n* En k\u00e4nd hooks keywords 1\r\n\r\nN\u00e4r t\u00e4rningarna slagits s\u00e5 spenderar du alla dina lyckade samtidigt. Om det inte finns n\u00e5gon information att h\u00e4mta s\u00e5 g\u00e5r dina lyckade \u00e5t f\u00f6r att f\u00e5 reda p\u00e5 det. Om du inte kan spendera dina lyckade j\u00e4mnt s\u00e5 g\u00e5r oanv\u00e4nda till spillo."}}, {"model": "players.actiontype", "pk": 8, "fields": {"name": "Investigate (Character: Resources)", "template": "**Slag:** Wits + Investigation + Protean\\* VS Special\r\n\r\nDu unders\u00f6ker en karakt\u00e4rs backgrounds och feeding. Du f\u00e5r spendera dina lyckade f\u00f6r att f\u00e5 information enligt f\u00f6ljande:\r\n\r\nEn slumpm\u00e4ssigt background 1\r\nEn vald typ av background 1\r\nHur mycket blod som tagits och var 3\r\nHur m\u00e5nga Resource points karakt\u00e4ren har 3\r\n\r\nN\u00e4r t\u00e4rningarna slagits s\u00e5 spenderar du alla dina lyckade samtidigt. Om du spenderar mer lyckade \u00e4n det finns backgrounds s\u00e5 g\u00e5r de till spillo."}}, {"model": "players.actiontype", "pk": 9, "fields": {"name": "Investigate (Character: Downtime Actions)", "template": "**Slag:** Wits + Investigation + Protean\\* VS Wits + Stealth + Obfuscate\\*\r\n\r\nDu unders\u00f6ker vilka downtime-handlingar en spelare har valt och kan v\u00e4lja att ingripa f\u00f6r att stoppa n\u00e5gon av dem. Om du lyckas s\u00e5 f\u00e5r du en lista av handlingar och kan s\u00e4tta en scen d\u00e4r du ingriper p\u00e5 ett s\u00e4tt som du finner l\u00e4mpligt.\r\n"}}, {"model": "players.actiontype", "pk": 10, "fields": {"name": "Investigate (Counter spionage)", "template": "**Slag:** Wits + Investigation + Protean\\* VS Wits + Stealth + Obfuscate\\*\r\n\r\nDu unders\u00f6ker om n\u00e5gon f\u00f6rs\u00f6ker ta reda p\u00e5 saker om dig eller dina inflytanden. Du f\u00e5r en lista p\u00e5 alla om har unders\u00f6kt dig som du har f\u00e5tt lika m\u00e5nga eller fler lyckade som."}}, {"model": "players.actiontype", "pk": 11, "fields": {"name": "Investigate (Phenomenon)", "template": "**Slag:** Wits + Investigation + Dementation\\* VS Special\r\n\r\nDu f\u00f6rs\u00f6ker ta reda p\u00e5 information om ett settingelement. Fler lyckade ger mer, b\u00e4ttre information. Det \u00e4r m\u00f6jligt att v\u00e4lja ett inflytandeomr\u00e5de, i s\u00e5dana fall ger 1 lyckad ett os\u00e4kert rykte och 3 lyckade ett s\u00e4kert rykte."}}, {"model": "players.actiontype", "pk": 12, "fields": {"name": "Investigate (Influence)", "template": "**Slag:** Manipulation + Inflytandes Ability + Auspex\\*  VS Special\r\n\r\nDu unders\u00f6ker det allm\u00e4nna l\u00e4get inom ett inflytandeomr\u00e5de. Den f\u00f6rsta lyckade ger vem som \u00e4r master och contenders, alla f\u00f6ljande lyckade ger slumpm\u00e4ssiga hooks inom inflytandet."}}, {"model": "players.actiontype", "pk": 13, "fields": {"name": "Learn", "template": "Du b\u00f6rjar att l\u00e4ra dig ett nytt trait enligt inl\u00e4rningsreglerna."}}, {"model": "players.actiontype", "pk": 14, "fields": {"name": "Invest", "template": "Du b\u00f6rjar skaffa dig en ny background enligt inl\u00e4rningsreglerna."}}, {"model": "players.actiontype", "pk": 15, "fields": {"name": "Mentor", "template": "Du ger mentorbonusen till n\u00e5gon f\u00f6r ett trait du \u00e4r kvalificerad att l\u00e4ra dem enligt inl\u00e4rningsreglerna."}}, {"model": "players.actiontype", "pk": 16, "fields": {"name": "Rest", "template": "Du \u00e5terf\u00e5r all spenderad Willpower."}}, {"model": "players.actiontype", "pk": 17, "fields": {"name": "Patrullera dom\u00e4n", "template": "Lagmannen kan v\u00e4lja ett omr\u00e5de d\u00e4r det uppst\u00e5r ett Problem mindre under downtime."}}, {"model": "players.actiontype", "pk": 18, "fields": {"name": "Neglegera dom\u00e4n", "template": "Lagmannen kan v\u00e4lja ett omr\u00e5de d\u00e4r det uppst\u00e5r ett Problem mer under downtime."}}, {"model": "players.actiontype", "pk": 19, "fields": {"name": "Elysiem\u00e4starens fr\u00e5ga", "template": "Elysiem\u00e4staren f\u00e5r st\u00e4lla vars en personlig fr\u00e5ga till tre valfria bes\u00f6kare p\u00e5 Elysium. Bes\u00f6karen m\u00e5ste svara \u00e4rligt eller betala en Liten G\u00e4ld. Om information avsl\u00f6jas beslutar spelarna hur den har framkommit."}}, {"model": "players.actiontype", "pk": 20, "fields": {"name": "Primogenens Aid Action", "template": "Primogener har en extra downtimehandling som endast kan anv\u00e4ndas till Aid Action till n\u00e5gon inom klanen."}}, {"model": "players.actiontype", "pk": 21, "fields": {"name": "Primogenens fr\u00e5ga", "template": "Primogener f\u00e5r st\u00e4lla en personlig fr\u00e5ga till en valfri klanmedlem. Klanmedlemmen m\u00e5ste svara \u00e4rligt eller betala en ansenlig G\u00e4ld. Om information avsl\u00f6jas beslutar spelarna hur den har framkommit."}}, {"model": "players.actionoption", "pk": 1, "fields": {"count": 4, "action_types": [1, 16, 15, 11, 5, 14, 13, 10, 8, 9, 7, 6, 3, 4, 12, 2]}}, {"model": "players.actionoption", "pk": 2, "fields": {"count": 1, "action_types": [15, 14, 13]}}, {"model": "players.actionoption", "pk": 3, "fields": {"count": 1, "action_types": [15]}}, {"model": "players.actionoption", "pk": 4, "fields": {"count": 1, "action_types": [5]}}, {"model": "players.actionoption", "pk": 5, "fields": {"count": 1, "action_types": [14, 13]}}, {"model": "players.actionoption", "pk": 6, "fields": {"count": 1, "action_types": [2]}}, {"model": "players.actionoption", "pk": 7, "fields": {"count": 1, "action_types": [1]}}, {"model": "players.actionoption", "pk": 8, "fields": {"count": 1, "action_types": [17]}}, {"model": "players.actionoption", "pk": 9, "fields": {"count": 1, "action_types": [18]}}, {"model": "players.actionoption", "pk": 10, "fields": {"count": 1, "action_types": [11, 10, 8, 9, 7, 12]}}, {"model": "players.actionoption", "pk": 11, "fields": {"count": 3, "action_types": [19]}}, {"model": "players.actionoption", "pk": 12, "fields": {"count": 1, "action_types": [21]}}, {"model": "players.actionoption", "pk": 13, "fields": {"count": 1, "action_types": [20]}}, {"model": "players.influence", "pk": 1, "fields": {"name": "Politik"}}, {"model": "players.influence", "pk": 2, "fields": {"name": "Lag & Ordning"}}, {"model": "players.influence", "pk": 3, "fields": {"name": "Religion & Ockult"}}, {"model": "players.influence", "pk": 4, "fields": {"name": "Turism"}}, {"model": "players.population", "pk": 1, "fields": {"name": "Balett"}}, {"model": "players.population", "pk": 2, "fields": {"name": "Lol"}}, {"model": "players.population", "pk": 3, "fields": {"name": "Aint nobody live here"}}, {"model": "players.population", "pk": 4, "fields": {"name": "\u00d6verklass"}}, {"model": "players.population", "pk": 5, "fields": {"name": "Underklass"}}, {"model": "players.population", "pk": 6, "fields": {"name": "Kulturella"}}, {"model": "players.population", "pk": 7, "fields": {"name": "Tumbleweed"}}, {"model": "players.discipline", "pk": 1, "fields": {"name": "Auspex"}}, {"model": "players.discipline", "pk": 2, "fields": {"name": "Animalism"}}, {"model": "players.discipline", "pk": 3, "fields": {"name": "Celerity"}}, {"model": "players.discipline", "pk": 4, "fields": {"name": "Demenation"}}, {"model": "players.discipline", "pk": 5, "fields": {"name": "Dominate"}}, {"model": "players.discipline", "pk": 6, "fields": {"name": "Fortitude"}}, {"model": "players.discipline", "pk": 7, "fields": {"name": "Obfuscate"}}, {"model": "players.discipline", "pk": 8, "fields": {"name": "Potence"}}, {"model": "players.discipline", "pk": 9, "fields": {"name": "Presence"}}, {"model": "players.discipline", "pk": 10, "fields": {"name": "Protean"}}, {"model": "players.discipline", "pk": 11, "fields": {"name": "Thaumaturgy"}}, {"model": "players.title", "pk": 1, "fields": {"name": "Furste", "action_options": [6]}}, {"model": "players.title", "pk": 2, "fields": {"name": "Seneskalk", "action_options": [7]}}, {"model": "players.title", "pk": 3, "fields": {"name": "Sheriff", "action_options": [8, 9]}}, {"model": "players.title", "pk": 4, "fields": {"name": "Fiskal", "action_options": [10]}}, {"model": "players.title", "pk": 5, "fields": {"name": "J\u00e4gare", "action_options": []}}, {"model": "players.title", "pk": 6, "fields": {"name": "Harpya", "action_options": []}}, {"model": "players.title", "pk": 7, "fields": {"name": "Elysiem\u00e4stare", "action_options": [11]}}, {"model": "players.title", "pk": 8, "fields": {"name": "Dom\u00e4n\u00e4gare", "action_options": []}}, {"model": "players.title", "pk": 9, "fields": {"name": "Primogen", "action_options": [12, 13]}}, {"model": "players.age", "pk": 1, "fields": {"name": "Novis", "action_options": [1, 2, 5]}}, {"model": "players.age", "pk": 2, "fields": {"name": "Neonat", "action_options": [1, 2, 5]}}, {"model": "players.age", "pk": 3, "fields": {"name": "Ancilla", "action_options": [1, 2, 4]}}, {"model": "players.age", "pk": 4, "fields": {"name": "\u00c4ldste", "action_options": [1, 2, 3]}}, {"model": "players.clan", "pk": 1, "fields": {"name": "Brujah"}}, {"model": "players.clan", "pk": 2, "fields": {"name": "Gangrel"}}, {"model": "players.clan", "pk": 3, "fields": {"name": "Nosferatu"}}, {"model": "players.clan", "pk": 4, "fields": {"name": "Malkavian"}}, {"model": "players.clan", "pk": 5, "fields": {"name": "Caitiff"}}, {"model": "players.clan", "pk": 6, "fields": {"name": "Toreador"}}, {"model": "players.clan", "pk": 7, "fields": {"name": "Tremere"}}, {"model": "players.clan", "pk": 8, "fields": {"name": "Ventrue"}}, {"model": "players.domain", "pk": 1, "fields": {"name": "Racks", "feeding_capacity": 20, "status": "3", "influence": "2", "masquerade": "Normal", "population": [4, 5, 6]}}, {"model": "players.domain", "pk": 3, "fields": {"name": "Barrens", "feeding_capacity": 0, "status": "1", "influence": "1", "masquerade": "Bruten", "population": [5, 6, 7]}}, {"model": "players.influencerating", "pk": 1, "fields": {"influence": 1, "rating": 3, "character": 3}}, {"model": "players.influencerating", "pk": 2, "fields": {"influence": 4, "rating": 1, "character": 3}}, {"model": "players.influencerating", "pk": 3, "fields": {"influence": 2, "rating": 1, "character": 1}}, {"model": "players.session", "pk": 1, "fields": {"name": "Inf\u00f6r session 1", "is_open": false, "feeding_domains": []}}, {"model": "players.session", "pk": 2, "fields": {"name": "Inf\u00f6r session 2", "is_open": false, "feeding_domains": []}}, {"model": "players.session", "pk": 3, "fields": {"name": "Inf\u00f6r session 3", "is_open": true, "feeding_domains": []}}, {"model": "players.session", "pk": 4, "fields": {"name": "Inf\u00f6r session 4", "is_open": false, "feeding_domains": []}}, {"model": "players.action", "pk": 5, "fields": {"action_type": 7, "character": 1, "session": 1, "description": "Investigate Erik.", "resolved": "PENDING"}}, {"model": "players.action", "pk": 6, "fields": {"action_type": 7, "character": 1, "session": 1, "description": "Investigate Hanna.\r\n\r\n", "resolved": "RESOLVED"}}, {"model": "players.action", "pk": 7, "fields": {"action_type": 11, "character": 2, "session": 1, "description": "Varf\u00f6r fick den d\u00e4r l\u00e4raren sparken?", "resolved": "UNRESOLVED"}}, {"model": "players.action", "pk": 8, "fields": {"action_type": 12, "character": 2, "session": 1, "description": "Vad fan h\u00e4nder h\u00e4r?", "resolved": "UNRESOLVED"}}, {"model": "players.action", "pk": 14, "fields": {"action_type": 6, "character": 4, "session": 1, "description": "aphpajdfp", "resolved": "UNRESOLVED"}}, {"model": "players.action", "pk": 15, "fields": {"action_type": 10, "character": 3, "session": 1, "description": "lk\u00f6lamhf", "resolved": "PENDING"}}, {"model": "players.action", "pk": 16, "fields": {"action_type": 16, "character": 4, "session": 1, "description": "paiepioha", "resolved": "UNRESOLVED"}}, {"model": "players.action", "pk": 17, "fields": {"action_type": 5, "character": 4, "session": 1, "description": "ma\u00f6lfmga", "resolved": "UNRESOLVED"}}, {"model": "players.action", "pk": 25, "fields": {"action_type": 12, "character": 3, "session": 1, "description": "Politik", "resolved": "PENDING"}}, {"model": "players.action", "pk": 26, "fields": {"action_type": 3, "character": 3, "session": 1, "description": "Racks", "resolved": "RESOLVED"}}, {"model": "players.action", "pk": 27, "fields": {"action_type": 15, "character": 3, "session": 3, "description": "sad", "resolved": "PENDING"}}, {"model": "players.feeding", "pk": 3, "fields": {"character": 1, "session": 1, "domain": 1, "feeding_points": 5, "discipline": null, "description": "H\u00e4nger p\u00e5 klubbar, bjuder p\u00e5 mycket drinkar. (Rik)", "resolved": "false"}}, {"model": "players.feeding", "pk": 12, "fields": {"character": 4, "session": 1, "domain": 3, "feeding_points": 8, "discipline": 9, "description": "Jag dricker deras blod.\r\n\r\nJag DRICKER UPP DET!!!!!", "resolved": "UNRESOLVED"}}, {"model": "players.feeding", "pk": 17, "fields": {"character": 3, "session": 1, "domain": 3, "feeding_points": 5, "discipline": 3, "description": "Jag dricker riktigt snabbt!", "resolved": "PENDING"}}, {"model": "players.feeding", "pk": 18, "fields": {"character": 3, "session": 1, "domain": 1, "feeding_points": 4, "discipline": 1, "description": "Stirrar intensivt tills de ger mig sitt blod f\u00f6r att jag ska sluta.\r\n\r\nAnv\u00e4nder mina 4FP p\u00e5 discipliner.", "resolved": "RESOLVED"}}, {"model": "players.feeding", "pk": 19, "fields": {"character": 3, "session": 3, "domain": 1, "feeding_points": 21, "discipline": 1, "description": "Heightened senser.", "resolved": "UNRESOLVED"}}, {"model": "players.feeding", "pk": 23, "fields": {"character": 2, "session": 3, "domain": 1, "feeding_points": 0, "discipline": 5, "description": "f", "resolved": "UNRESOLVED"}}, {"model": "players.activedisciplines", "pk": 3, "fields": {"character": 2, "session": 1, "disciplines": [1, 9, 5]}}, {"model": "players.activedisciplines", "pk": 8, "fields": {"character": 4, "session": 1, "disciplines": [9]}}, {"model": "players.activedisciplines", "pk": 12, "fields": {"character": 3, "session": 1, "disciplines": [1, 9, 3, 7]}}, {"model": "players.activedisciplines", "pk": 13, "fields": {"character": 3, "session": 3, "disciplines": [9]}}, {"model": "players.activedisciplines", "pk": 15, "fields": {"character": 2, "session": 3, "disciplines": [9]}}, {"model": "players.rumor", "pk": 1, "fields": {"influence": 1, "session": 3, "recipient": null, "reliable": true, "description": "Borgm\u00e4staren \u00e4r mutad av ett stort f\u00f6retag f\u00f6r att l\u00e5ta dem dumpa gifter i floden.", "gm_note": ""}}, {"model": "players.rumor", "pk": 2, "fields": {"influence": 2, "session": 3, "recipient": null, "reliable": true, "description": "Polism\u00e4staren \u00e4r en skurk", "gm_note": ""}}, {"model": "players.rumor", "pk": 3, "fields": {"influence": 4, "session": 3, "recipient": null, "reliable": false, "description": "Turismen kommer avta n\u00e4r flygplatserna st\u00e4ngs.", "gm_note": ""}}, {"model": "auth.permission", "pk": 1, "fields": {"name": "Can add log entry", "content_type": 1, "codename": "add_logentry"}}, {"model": "auth.permission", "pk": 2, "fields": {"name": "Can change log entry", "content_type": 1, "codename": "change_logentry"}}, {"model": "auth.permission", "pk": 3, "fields": {"name": "Can delete log entry", "content_type": 1, "codename": "delete_logentry"}}, {"model": "auth.permission", "pk": 4, "fields": {"name": "Can add permission", "content_type": 2, "codename": "add_permission"}}, {"model": "auth.permission", "pk": 5, "fields": {"name": "Can change permission", "content_type": 2, "codename": "change_permission"}}, {"model": "auth.permission", "pk": 6, "fields": {"name": "Can delete permission", "content_type": 2, "codename": "delete_permission"}}, {"model": "auth.permission", "pk": 7, "fields": {"name": "Can add group", "content_type": 3, "codename": "add_group"}}, {"model": "auth.permission", "pk": 8, "fields": {"name": "Can change group", "content_type": 3, "codename": "change_group"}}, {"model": "auth.permission", "pk": 9, "fields": {"name": "Can delete group", "content_type": 3, "codename": "delete_group"}}, {"model": "auth.permission", "pk": 10, "fields": {"name": "Can add user", "content_type": 4, "codename": "add_user"}}, {"model": "auth.permission", "pk": 11, "fields": {"name": "Can change user", "content_type": 4, "codename": "change_user"}}, {"model": "auth.permission", "pk": 12, "fields": {"name": "Can delete user", "content_type": 4, "codename": "delete_user"}}, {"model": "auth.permission", "pk": 13, "fields": {"name": "Can add content type", "content_type": 5, "codename": "add_contenttype"}}, {"model": "auth.permission", "pk": 14, "fields": {"name": "Can change content type", "content_type": 5, "codename": "change_contenttype"}}, {"model": "auth.permission", "pk": 15, "fields": {"name": "Can delete content type", "content_type": 5, "codename": "delete_contenttype"}}, {"model": "auth.permission", "pk": 16, "fields": {"name": "Can add session", "content_type": 6, "codename": "add_session"}}, {"model": "auth.permission", "pk": 17, "fields": {"name": "Can change session", "content_type": 6, "codename": "change_session"}}, {"model": "auth.permission", "pk": 18, "fields": {"name": "Can delete session", "content_type": 6, "codename": "delete_session"}}, {"model": "auth.permission", "pk": 19, "fields": {"name": "Can add historical action type", "content_type": 7, "codename": "add_historicalactiontype"}}, {"model": "auth.permission", "pk": 20, "fields": {"name": "Can change historical action type", "content_type": 7, "codename": "change_historicalactiontype"}}, {"model": "auth.permission", "pk": 21, "fields": {"name": "Can delete historical action type", "content_type": 7, "codename": "delete_historicalactiontype"}}, {"model": "auth.permission", "pk": 22, "fields": {"name": "Can add action type", "content_type": 8, "codename": "add_actiontype"}}, {"model": "auth.permission", "pk": 23, "fields": {"name": "Can change action type", "content_type": 8, "codename": "change_actiontype"}}, {"model": "auth.permission", "pk": 24, "fields": {"name": "Can delete action type", "content_type": 8, "codename": "delete_actiontype"}}, {"model": "auth.permission", "pk": 25, "fields": {"name": "Can add historical action option", "content_type": 9, "codename": "add_historicalactionoption"}}, {"model": "auth.permission", "pk": 26, "fields": {"name": "Can change historical action option", "content_type": 9, "codename": "change_historicalactionoption"}}, {"model": "auth.permission", "pk": 27, "fields": {"name": "Can delete historical action option", "content_type": 9, "codename": "delete_historicalactionoption"}}, {"model": "auth.permission", "pk": 28, "fields": {"name": "Can add action option", "content_type": 10, "codename": "add_actionoption"}}, {"model": "auth.permission", "pk": 29, "fields": {"name": "Can change action option", "content_type": 10, "codename": "change_actionoption"}}, {"model": "auth.permission", "pk": 30, "fields": {"name": "Can delete action option", "content_type": 10, "codename": "delete_actionoption"}}, {"model": "auth.permission", "pk": 31, "fields": {"name": "Can add historical influence", "content_type": 11, "codename": "add_historicalinfluence"}}, {"model": "auth.permission", "pk": 32, "fields": {"name": "Can change historical influence", "content_type": 11, "codename": "change_historicalinfluence"}}, {"model": "auth.permission", "pk": 33, "fields": {"name": "Can delete historical influence", "content_type": 11, "codename": "delete_historicalinfluence"}}, {"model": "auth.permission", "pk": 34, "fields": {"name": "Can add influence", "content_type": 12, "codename": "add_influence"}}, {"model": "auth.permission", "pk": 35, "fields": {"name": "Can change influence", "content_type": 12, "codename": "change_influence"}}, {"model": "auth.permission", "pk": 36, "fields": {"name": "Can delete influence", "content_type": 12, "codename": "delete_influence"}}, {"model": "auth.permission", "pk": 37, "fields": {"name": "Can add historical population", "content_type": 13, "codename": "add_historicalpopulation"}}, {"model": "auth.permission", "pk": 38, "fields": {"name": "Can change historical population", "content_type": 13, "codename": "change_historicalpopulation"}}, {"model": "auth.permission", "pk": 39, "fields": {"name": "Can delete historical population", "content_type": 13, "codename": "delete_historicalpopulation"}}, {"model": "auth.permission", "pk": 40, "fields": {"name": "Can add population", "content_type": 14, "codename": "add_population"}}, {"model": "auth.permission", "pk": 41, "fields": {"name": "Can change population", "content_type": 14, "codename": "change_population"}}, {"model": "auth.permission", "pk": 42, "fields": {"name": "Can delete population", "content_type": 14, "codename": "delete_population"}}, {"model": "auth.permission", "pk": 43, "fields": {"name": "Can add historical discipline", "content_type": 15, "codename": "add_historicaldiscipline"}}, {"model": "auth.permission", "pk": 44, "fields": {"name": "Can change historical discipline", "content_type": 15, "codename": "change_historicaldiscipline"}}, {"model": "auth.permission", "pk": 45, "fields": {"name": "Can delete historical discipline", "content_type": 15, "codename": "delete_historicaldiscipline"}}, {"model": "auth.permission", "pk": 46, "fields": {"name": "Can add discipline", "content_type": 16, "codename": "add_discipline"}}, {"model": "auth.permission", "pk": 47, "fields": {"name": "Can change discipline", "content_type": 16, "codename": "change_discipline"}}, {"model": "auth.permission", "pk": 48, "fields": {"name": "Can delete discipline", "content_type": 16, "codename": "delete_discipline"}}, {"model": "auth.permission", "pk": 49, "fields": {"name": "Can add historical title", "content_type": 17, "codename": "add_historicaltitle"}}, {"model": "auth.permission", "pk": 50, "fields": {"name": "Can change historical title", "content_type": 17, "codename": "change_historicaltitle"}}, {"model": "auth.permission", "pk": 51, "fields": {"name": "Can delete historical title", "content_type": 17, "codename": "delete_historicaltitle"}}, {"model": "auth.permission", "pk": 52, "fields": {"name": "Can add title", "content_type": 18, "codename": "add_title"}}, {"model": "auth.permission", "pk": 53, "fields": {"name": "Can change title", "content_type": 18, "codename": "change_title"}}, {"model": "auth.permission", "pk": 54, "fields": {"name": "Can delete title", "content_type": 18, "codename": "delete_title"}}, {"model": "auth.permission", "pk": 55, "fields": {"name": "Can add historical age", "content_type": 19, "codename": "add_historicalage"}}, {"model": "auth.permission", "pk": 56, "fields": {"name": "Can change historical age", "content_type": 19, "codename": "change_historicalage"}}, {"model": "auth.permission", "pk": 57, "fields": {"name": "Can delete historical age", "content_type": 19, "codename": "delete_historicalage"}}, {"model": "auth.permission", "pk": 58, "fields": {"name": "Can add age", "content_type": 20, "codename": "add_age"}}, {"model": "auth.permission", "pk": 59, "fields": {"name": "Can change age", "content_type": 20, "codename": "change_age"}}, {"model": "auth.permission", "pk": 60, "fields": {"name": "Can delete age", "content_type": 20, "codename": "delete_age"}}, {"model": "auth.permission", "pk": 61, "fields": {"name": "Can add historical clan", "content_type": 21, "codename": "add_historicalclan"}}, {"model": "auth.permission", "pk": 62, "fields": {"name": "Can change historical clan", "content_type": 21, "codename": "change_historicalclan"}}, {"model": "auth.permission", "pk": 63, "fields": {"name": "Can delete historical clan", "content_type": 21, "codename": "delete_historicalclan"}}, {"model": "auth.permission", "pk": 64, "fields": {"name": "Can add clan", "content_type": 22, "codename": "add_clan"}}, {"model": "auth.permission", "pk": 65, "fields": {"name": "Can change clan", "content_type": 22, "codename": "change_clan"}}, {"model": "auth.permission", "pk": 66, "fields": {"name": "Can delete clan", "content_type": 22, "codename": "delete_clan"}}, {"model": "auth.permission", "pk": 67, "fields": {"name": "Can add historical character", "content_type": 23, "codename": "add_historicalcharacter"}}, {"model": "auth.permission", "pk": 68, "fields": {"name": "Can change historical character", "content_type": 23, "codename": "change_historicalcharacter"}}, {"model": "auth.permission", "pk": 69, "fields": {"name": "Can delete historical character", "content_type": 23, "codename": "delete_historicalcharacter"}}, {"model": "auth.permission", "pk": 70, "fields": {"name": "Can add character", "content_type": 24, "codename": "add_character"}}, {"model": "auth.permission", "pk": 71, "fields": {"name": "Can change character", "content_type": 24, "codename": "change_character"}}, {"model": "auth.permission", "pk": 72, "fields": {"name": "Can delete character", "content_type": 24, "codename": "delete_character"}}, {"model": "auth.permission", "pk": 73, "fields": {"name": "Can add historical domain", "content_type": 25, "codename": "add_historicaldomain"}}, {"model": "auth.permission", "pk": 74, "fields": {"name": "Can change historical domain", "content_type": 25, "codename": "change_historicaldomain"}}, {"model": "auth.permission", "pk": 75, "fields": {"name": "Can delete historical domain", "content_type": 25, "codename": "delete_historicaldomain"}}, {"model": "auth.permission", "pk": 76, "fields": {"name": "Can add domain", "content_type": 26, "codename": "add_domain"}}, {"model": "auth.permission", "pk": 77, "fields": {"name": "Can change domain", "content_type": 26, "codename": "change_domain"}}, {"model": "auth.permission", "pk": 78, "fields": {"name": "Can delete domain", "content_type": 26, "codename": "delete_domain"}}, {"model": "auth.permission", "pk": 79, "fields": {"name": "Can add historical influence rating", "content_type": 27, "codename": "add_historicalinfluencerating"}}, {"model": "auth.permission", "pk": 80, "fields": {"name": "Can change historical influence rating", "content_type": 27, "codename": "change_historicalinfluencerating"}}, {"model": "auth.permission", "pk": 81, "fields": {"name": "Can delete historical influence rating", "content_type": 27, "codename": "delete_historicalinfluencerating"}}, {"model": "auth.permission", "pk": 82, "fields": {"name": "Can add influence rating", "content_type": 28, "codename": "add_influencerating"}}, {"model": "auth.permission", "pk": 83, "fields": {"name": "Can change influence rating", "content_type": 28, "codename": "change_influencerating"}}, {"model": "auth.permission", "pk": 84, "fields": {"name": "Can delete influence rating", "content_type": 28, "codename": "delete_influencerating"}}, {"model": "auth.permission", "pk": 85, "fields": {"name": "Can add historical session", "content_type": 29, "codename": "add_historicalsession"}}, {"model": "auth.permission", "pk": 86, "fields": {"name": "Can change historical session", "content_type": 29, "codename": "change_historicalsession"}}, {"model": "auth.permission", "pk": 87, "fields": {"name": "Can delete historical session", "content_type": 29, "codename": "delete_historicalsession"}}, {"model": "auth.permission", "pk": 88, "fields": {"name": "Can add session", "content_type": 30, "codename": "add_session"}}, {"model": "auth.permission", "pk": 89, "fields": {"name": "Can change session", "content_type": 30, "codename": "change_session"}}, {"model": "auth.permission", "pk": 90, "fields": {"name": "Can delete session", "content_type": 30, "codename": "delete_session"}}, {"model": "auth.permission", "pk": 91, "fields": {"name": "Can add historical action", "content_type": 31, "codename": "add_historicalaction"}}, {"model": "auth.permission", "pk": 92, "fields": {"name": "Can change historical action", "content_type": 31, "codename": "change_historicalaction"}}, {"model": "auth.permission", "pk": 93, "fields": {"name": "Can delete historical action", "content_type": 31, "codename": "delete_historicalaction"}}, {"model": "auth.permission", "pk": 94, "fields": {"name": "Can add action", "content_type": 32, "codename": "add_action"}}, {"model": "auth.permission", "pk": 95, "fields": {"name": "Can change action", "content_type": 32, "codename": "change_action"}}, {"model": "auth.permission", "pk": 96, "fields": {"name": "Can delete action", "content_type": 32, "codename": "delete_action"}}, {"model": "auth.permission", "pk": 97, "fields": {"name": "Can add historical feeding", "content_type": 33, "codename": "add_historicalfeeding"}}, {"model": "auth.permission", "pk": 98, "fields": {"name": "Can change historical feeding", "content_type": 33, "codename": "change_historicalfeeding"}}, {"model": "auth.permission", "pk": 99, "fields": {"name": "Can delete historical feeding", "content_type": 33, "codename": "delete_historicalfeeding"}}, {"model": "auth.permission", "pk": 100, "fields": {"name": "Can add feeding", "content_type": 34, "codename": "add_feeding"}}, {"model": "auth.permission", "pk": 101, "fields": {"name": "Can change feeding", "content_type": 34, "codename": "change_feeding"}}, {"model": "auth.permission", "pk": 102, "fields": {"name": "Can delete feeding", "content_type": 34, "codename": "delete_feeding"}}, {"model": "auth.permission", "pk": 103, "fields": {"name": "Can add historical active disciplines", "content_type": 35, "codename": "add_historicalactivedisciplines"}}, {"model": "auth.permission", "pk": 104, "fields": {"name": "Can change historical active disciplines", "content_type": 35, "codename": "change_historicalactivedisciplines"}}, {"model": "auth.permission", "pk": 105, "fields": {"name": "Can delete historical active disciplines", "content_type": 35, "codename": "delete_historicalactivedisciplines"}}, {"model": "auth.permission", "pk": 106, "fields": {"name": "Can add active disciplines", "content_type": 36, "codename": "add_activedisciplines"}}, {"model": "auth.permission", "pk": 107, "fields": {"name": "Can change active disciplines", "content_type": 36, "codename": "change_activedisciplines"}}, {"model": "auth.permission", "pk": 108, "fields": {"name": "Can delete active disciplines", "content_type": 36, "codename": "delete_activedisciplines"}}, {"model": "auth.permission", "pk": 109, "fields": {"name": "Can add historical extra action", "content_type": 37, "codename": "add_historicalextraaction"}}, {"model": "auth.permission", "pk": 110, "fields": {"name": "Can change historical extra action", "content_type": 37, "codename": "change_historicalextraaction"}}, {"model": "auth.permission", "pk": 111, "fields": {"name": "Can delete historical extra action", "content_type": 37, "codename": "delete_historicalextraaction"}}, {"model": "auth.permission", "pk": 112, "fields": {"name": "Can add extra action", "content_type": 38, "codename": "add_extraaction"}}, {"model": "auth.permission", "pk": 113, "fields": {"name": "Can change extra action", "content_type": 38, "codename": "change_extraaction"}}, {"model": "auth.permission", "pk": 114, "fields": {"name": "Can delete extra action", "content_type": 38, "codename": "delete_extraaction"}}, {"model": "auth.permission", "pk": 115, "fields": {"name": "Can add site", "content_type": 39, "codename": "add_site"}}, {"model": "auth.permission", "pk": 116, "fields": {"name": "Can change site", "content_type": 39, "codename": "change_site"}}, {"model": "auth.permission", "pk": 117, "fields": {"name": "Can delete site", "content_type": 39, "codename": "delete_site"}}, {"model": "auth.permission", "pk": 118, "fields": {"name": "Can add comment", "content_type": 40, "codename": "add_comment"}}, {"model": "auth.permission", "pk": 119, "fields": {"name": "Can change comment", "content_type": 40, "codename": "change_comment"}}, {"model": "auth.permission", "pk": 120, "fields": {"name": "Can delete comment", "content_type": 40, "codename": "delete_comment"}}, {"model": "auth.permission", "pk": 121, "fields": {"name": "Can moderate comments", "content_type": 40, "codename": "can_moderate"}}, {"model": "auth.permission", "pk": 122, "fields": {"name": "Can add comment flag", "content_type": 41, "codename": "add_commentflag"}}, {"model": "auth.permission", "pk": 123, "fields": {"name": "Can change comment flag", "content_type": 41, "codename": "change_commentflag"}}, {"model": "auth.permission", "pk": 124, "fields": {"name": "Can delete comment flag", "content_type": 41, "codename": "delete_commentflag"}}, {"model": "auth.permission", "pk": 125, "fields": {"name": "Can add rumor", "content_type": 42, "codename": "add_rumor"}}, {"model": "auth.permission", "pk": 126, "fields": {"name": "Can change rumor", "content_type": 42, "codename": "change_rumor"}}, {"model": "auth.permission", "pk": 127, "fields": {"name": "Can delete rumor", "content_type": 42, "codename": "delete_rumor"}}, {"model": "auth.user", "pk": 1, "fields": {"password": "pbkdf2_sha256$24000$2EWRElKsbHER$HuJ/HDJ48hfV+qAMuq7ealdrd6Bjw+Vij0TKYIglARI=", "last_login": "2016-02-16T17:28:25.844Z", "is_superuser": true, "username": "smoiz", "first_name": "Erik (Admin Konto)", "last_name": "G\u00e4rtner", "email": "xxxsmoizxxx@gmail.com", "is_staff": true, "is_active": true, "date_joined": "2016-01-11T12:37:04Z", "groups": [], "user_permissions": []}}, {"model": "auth.user", "pk": 2, "fields": {"password": "pbkdf2_sha256$15000$2Gt2ieKv7BqU$ElczCyThY/IX1MyIS602XorP7V6JY2uQKotq5+eJdog=", "last_login": "2016-01-15T11:06:48.430Z", "is_superuser": true, "username": "frans", "first_name": "Frans", "last_name": "Witting", "email": "frans.witting@gmail.com", "is_staff": true, "is_active": true, "date_joined": "2016-01-11T13:32:47Z", "groups": [], "user_permissions": []}}, {"model": "auth.user", "pk": 3, "fields": {"password": "pbkdf2_sha256$24000$MZD3IyZRjQ6A$YXRte6PDOM+eSZefvZvEF60wlbW3NkgpFhDsyXfUMXI=", "last_login": "2016-02-16T15:39:55.974Z", "is_superuser": false, "username": "hampus", "first_name": "Hampus", "last_name": "", "email": "sada@adsa.cdas", "is_staff": false, "is_active": true, "date_joined": "2016-01-11T21:17:43Z", "groups": [], "user_permissions": []}}, {"model": "auth.user", "pk": 4, "fields": {"password": "pbkdf2_sha256$24000$R1lnPku2b5zx$Z7l2k9XV9L+RHyGIBJaSIymovEhHICdSf2I0jZhF5ts=", "last_login": "2016-02-16T15:41:41.585Z", "is_superuser": false, "username": "hanna", "first_name": "Hanna", "last_name": "", "email": "sada@adsa.cdas", "is_staff": false, "is_active": true, "date_joined": "2016-01-11T21:17:57Z", "groups": [], "user_permissions": []}}, {"model": "auth.user", "pk": 5, "fields": {"password": "pbkdf2_sha256$24000$P3ErrbjRWcdj$7qseQ3jBX8d72TqakzSQhchPV9HyPHlAflKF+lImD0o=", "last_login": "2016-02-16T15:43:56.261Z", "is_superuser": false, "username": "erik", "first_name": "", "last_name": "", "email": "xxxsmoizxxx@gmail.com", "is_staff": false, "is_active": true, "date_joined": "2016-01-11T22:46:09Z", "groups": [], "user_permissions": []}}, {"model": "auth.user", "pk": 6, "fields": {"password": "pbkdf2_sha256$15000$m0hBRDlLNpRX$fdVL5pg/v6rjgkGhJPL3NOIK/isr7qvYQwxCJtmlbyA=", "last_login": "2016-01-15T10:58:02.423Z", "is_superuser": false, "username": "frans1", "first_name": "", "last_name": "", "email": "sada@adsa.cdas", "is_staff": false, "is_active": true, "date_joined": "2016-01-11T22:46:48Z", "groups": [], "user_permissions": []}}, {"model": "auth.user", "pk": 7, "fields": {"password": "pbkdf2_sha256$15000$Qn5mbC3gMBL3$AXX3l0SMaIZnvSPBoCtBd957GgloHpRGCntkuPVvtok=", "last_login": "2016-01-15T12:57:05.850Z", "is_superuser": true, "username": "hampus1", "first_name": "", "last_name": "", "email": "", "is_staff": true, "is_active": true, "date_joined": "2016-01-15T12:46:54Z", "groups": [], "user_permissions": []}}, {"model": "auth.user", "pk": 8, "fields": {"password": "pbkdf2_sha256$15000$92WhgAX45wrV$xGIsy6M01D3wiSIYA/3UH39SWprE8gn6YCT1xXs+Udg=", "last_login": "2016-02-04T10:36:45Z", "is_superuser": false, "username": "noplayer", "first_name": "", "last_name": "", "email": "erik.gartner92@gmail.com", "is_staff": false, "is_active": true, "date_joined": "2016-02-04T10:36:45Z", "groups": [], "user_permissions": []}}, {"model": "django_comments.comment", "pk": 1, "fields": {"content_type": 34, "object_pk": "7", "site": 1, "user": 3, "user_name": "Hampus", "user_email": "sada@adsa.cdas", "user_url": "", "comment": "fgh gfd  gfg g g g g gdgf d", "submit_date": "2016-01-13T19:16:13.444Z", "ip_address": "172.17.0.1", "is_public": true, "is_removed": false}}, {"model": "django_comments.comment", "pk": 2, "fields": {"content_type": 34, "object_pk": "7", "site": 1, "user": 3, "user_name": "Hampus", "user_email": "sada@adsa.cdas", "user_url": "", "comment": "df d fdf dfdd f d fdf d f df d fd f d f df d f d f df f  ff f f f d f df d f dsdf sd f sdf sd f sd fs fs fs fs df s ", "submit_date": "2016-01-13T19:16:36.122Z", "ip_address": "172.17.0.1", "is_public": true, "is_removed": false}}, {"model": "django_comments.comment", "pk": 3, "fields": {"content_type": 32, "object_pk": "12", "site": 1, "user": 1, "user_name": "Erik (Admin Konto) G\u00e4rtner", "user_email": "xxxsmoizxxx@gmail.com", "user_url": "", "comment": "Du f\u00e5r 8 succ. Vad g\u00f6r du?", "submit_date": "2016-01-13T19:33:58.216Z", "ip_address": "172.17.0.1", "is_public": true, "is_removed": false}}, {"model": "django_comments.comment", "pk": 4, "fields": {"content_type": 32, "object_pk": "9", "site": 1, "user": 1, "user_name": "Erik (Admin Konto) G\u00e4rtner", "user_email": "xxxsmoizxxx@gmail.com", "user_url": "", "comment": "Du f\u00e5r 3 succ. vill du f\u00e5r reda p\u00e5 allt eller lite mindre men inte bli uppt\u00e4ckt?", "submit_date": "2016-01-14T13:48:25.713Z", "ip_address": "172.17.0.1", "is_public": true, "is_removed": false}}, {"model": "django_comments.comment", "pk": 5, "fields": {"content_type": 32, "object_pk": "9", "site": 1, "user": 1, "user_name": "Erik (Admin Konto) G\u00e4rtner", "user_email": "xxxsmoizxxx@gmail.com", "user_url": "", "comment": "V\u00e4nta lite!", "submit_date": "2016-01-14T13:49:18.271Z", "ip_address": "172.17.0.1", "is_public": true, "is_removed": false}}, {"model": "django_comments.comment", "pk": 6, "fields": {"content_type": 32, "object_pk": "9", "site": 1, "user": 5, "user_name": "erik", "user_email": "sada@adsa.cdas", "user_url": "", "comment": "Jag vill f\u00e5 reda p\u00e5 s\u00e5 mycket som m\u00f6jligt. Att bli uppt\u00e4ckt g\u00f6r inget!", "submit_date": "2016-01-14T13:49:55.465Z", "ip_address": "172.17.0.1", "is_public": true, "is_removed": false}}, {"model": "django_comments.comment", "pk": 7, "fields": {"content_type": 32, "object_pk": "13", "site": 1, "user": 5, "user_name": "erik", "user_email": "sada@adsa.cdas", "user_url": "", "comment": "Tjena mannen", "submit_date": "2016-01-14T19:08:36.033Z", "ip_address": "172.17.0.1", "is_public": true, "is_removed": false}}, {"model": "django_comments.comment", "pk": 8, "fields": {"content_type": 32, "object_pk": "14", "site": 1, "user": 2, "user_name": "Frans Witting", "user_email": "frans.witting@gmail.com", "user_url": "", "comment": "S\u00e5 skriver man inte sin action. Idiot!\r\n", "submit_date": "2016-01-15T11:07:31.298Z", "ip_address": "172.17.0.1", "is_public": true, "is_removed": false}}, {"model": "django_comments.comment", "pk": 9, "fields": {"content_type": 32, "object_pk": "5", "site": 1, "user": 1, "user_name": "Erik (Admin Konto) G\u00e4rtner", "user_email": "xxxsmoizxxx@gmail.com", "user_url": "", "comment": "Vad g\u00f6r du n\u00e4r han skickar en abomination p\u00e5 dig?", "submit_date": "2016-01-16T10:05:24.301Z", "ip_address": "172.17.0.1", "is_public": true, "is_removed": false}}, {"model": "django_comments.comment", "pk": 10, "fields": {"content_type": 32, "object_pk": "18", "site": 1, "user": 1, "user_name": "Erik (Admin Konto) G\u00e4rtner", "user_email": "xxxsmoizxxx@gmail.com", "user_url": "", "comment": "Du kan antingen skjuta honom eller bara s\u00e4ga 'hej'. Vad v\u00e4ljer du?", "submit_date": "2016-01-16T12:59:28.301Z", "ip_address": "172.17.0.1", "is_public": true, "is_removed": false}}, {"model": "django_comments.comment", "pk": 11, "fields": {"content_type": 32, "object_pk": "18", "site": 1, "user": 5, "user_name": "erik", "user_email": "sada@adsa.cdas", "user_url": "", "comment": "Skjuter!", "submit_date": "2016-01-16T13:00:20.843Z", "ip_address": "172.17.0.1", "is_public": true, "is_removed": false}}, {"model": "django_comments.comment", "pk": 12, "fields": {"content_type": 32, "object_pk": "19", "site": 1, "user": 1, "user_name": "Erik (Admin Konto) G\u00e4rtner", "user_email": "xxxsmoizxxx@gmail.com", "user_url": "", "comment": "Hej! Hur \u00e4r l\u00e4get?", "submit_date": "2016-02-02T21:44:32.672Z", "ip_address": "172.17.0.1", "is_public": true, "is_removed": false}}, {"model": "django_comments.comment", "pk": 13, "fields": {"content_type": 32, "object_pk": "19", "site": 1, "user": 1, "user_name": "Erik (Admin Konto) G\u00e4rtner", "user_email": "xxxsmoizxxx@gmail.com", "user_url": "", "comment": "Sure g\u00f6r det!", "submit_date": "2016-02-02T22:03:22.075Z", "ip_address": "172.17.0.1", "is_public": true, "is_removed": false}}, {"model": "django_comments.comment", "pk": 14, "fields": {"content_type": 34, "object_pk": "15", "site": 1, "user": 5, "user_name": "erik", "user_email": "xxxsmoizxxx@gmail.com", "user_url": "", "comment": "Allts\u00e5 tumbleweed \u00e4r s\u00e5 gott!", "submit_date": "2016-02-07T14:10:22.276Z", "ip_address": "172.17.0.1", "is_public": true, "is_removed": false}}, {"model": "django_comments.comment", "pk": 15, "fields": {"content_type": 32, "object_pk": "25", "site": 1, "user": 1, "user_name": "Erik (Admin Konto) G\u00e4rtner", "user_email": "xxxsmoizxxx@gmail.com", "user_url": "", "comment": "Du f\u00e5r 3 successes. Vad vill du anv\u00e4nda dem till?", "submit_date": "2016-02-08T12:21:55.674Z", "ip_address": "172.17.0.1", "is_public": true, "is_removed": false}}, {"model": "django_comments.comment", "pk": 16, "fields": {"content_type": 34, "object_pk": "18", "site": 1, "user": 1, "user_name": "Erik (Admin Konto) G\u00e4rtner", "user_email": "xxxsmoizxxx@gmail.com", "user_url": "", "comment": "Det g\u00e5r utan problem.", "submit_date": "2016-02-08T12:22:57.110Z", "ip_address": "172.17.0.1", "is_public": true, "is_removed": false}}, {"model": "django_comments.comment", "pk": 17, "fields": {"content_type": 34, "object_pk": "17", "site": 1, "user": 1, "user_name": "Erik (Admin Konto) G\u00e4rtner", "user_email": "xxxsmoizxxx@gmail.com", "user_url": "", "comment": "F\u00f6rf\u00e4rlig metod, det blir en incident!", "submit_date": "2016-02-08T12:23:49.029Z", "ip_address": "172.17.0.1", "is_public": true, "is_removed": false}}, {"model": "django_comments.comment", "pk": 18, "fields": {"content_type": 32, "object_pk": "25", "site": 1, "user": 5, "user_name": "erik", "user_email": "xxxsmoizxxx@gmail.com", "user_url": "", "comment": "Jag vill ta reda p\u00e5 alla contenders och master.", "submit_date": "2016-02-10T15:17:16.463Z", "ip_address": "172.17.0.1", "is_public": true, "is_removed": false}}, {"model": "django_comments.comment", "pk": 19, "fields": {"content_type": 32, "object_pk": "27", "site": 1, "user": 1, "user_name": "Erik (Admin Konto) G\u00e4rtner", "user_email": "xxxsmoizxxx@gmail.com", "user_url": "", "comment": "Hej!", "submit_date": "2016-02-16T15:28:12.569Z", "ip_address": "172.17.0.1", "is_public": true, "is_removed": false}}, {"model": "django_comments.comment", "pk": 20, "fields": {"content_type": 32, "object_pk": "5", "site": 1, "user": 3, "user_name": "Hampus", "user_email": "sada@adsa.cdas", "user_url": "", "comment": "Massor av presence f\u00f6r att charma den till min sida s\u00e5 klart.", "submit_date": "2016-02-16T15:40:53.661Z", "ip_address": "172.17.0.1", "is_public": true, "is_removed": false}}, {"model": "django_comments.comment", "pk": 21, "fields": {"content_type": 32, "object_pk": "8", "site": 1, "user": 4, "user_name": "Hanna", "user_email": "sada@adsa.cdas", "user_url": "", "comment": "raaaaawr\u00e4gh^\"^^j\u00f6sta", "submit_date": "2016-02-16T15:42:09.508Z", "ip_address": "172.17.0.1", "is_public": true, "is_removed": false}}, {"model": "django_comments.comment", "pk": 22, "fields": {"content_type": 32, "object_pk": "8", "site": 1, "user": 4, "user_name": "Hanna", "user_email": "sada@adsa.cdas", "user_url": "", "comment": "he e e \r\nj s\r\nan", "submit_date": "2016-02-16T15:42:26.617Z", "ip_address": "172.17.0.1", "is_public": true, "is_removed": false}}, {"model": "django_comments.comment", "pk": 23, "fields": {"content_type": 32, "object_pk": "7", "site": 1, "user": 4, "user_name": "Hanna", "user_email": "sada@adsa.cdas", "user_url": "", "comment": "raaaaawr\u00e4gh^\"^^j\u00f6sta", "submit_date": "2016-02-16T15:42:46.186Z", "ip_address": "172.17.0.1", "is_public": true, "is_removed": false}}, {"model": "django_comments.comment", "pk": 24, "fields": {"content_type": 32, "object_pk": "26", "site": 1, "user": 5, "user_name": "erik", "user_email": "xxxsmoizxxx@gmail.com", "user_url": "", "comment": "Nio sm\u00e5 moppepojkar.", "submit_date": "2016-02-16T15:44:19.586Z", "ip_address": "172.17.0.1", "is_public": true, "is_removed": false}}, {"model": "django_comments.comment", "pk": 25, "fields": {"content_type": 32, "object_pk": "8", "site": 1, "user": 4, "user_name": "Hanna", "user_email": "sada@adsa.cdas", "user_url": "", "comment": "r\r\n\r\nt", "submit_date": "2016-02-16T15:45:46.503Z", "ip_address": "172.17.0.1", "is_public": true, "is_removed": false}}, {"model": "django_comments.comment", "pk": 26, "fields": {"content_type": 32, "object_pk": "8", "site": 1, "user": 4, "user_name": "Hanna", "user_email": "sada@adsa.cdas", "user_url": "", "comment": "t", "submit_date": "2016-02-16T15:45:52.723Z", "ip_address": "172.17.0.1", "is_public": true, "is_removed": false}}, {"model": "django_comments.comment", "pk": 27, "fields": {"content_type": 32, "object_pk": "25", "site": 1, "user": 5, "user_name": "erik", "user_email": "xxxsmoizxxx@gmail.com", "user_url": "", "comment": "ad\r\n\r\n\r\n\r\nasd", "submit_date": "2016-02-16T15:46:43.454Z", "ip_address": "172.17.0.1", "is_public": true, "is_removed": false}}, {"model": "players.historicalactiontype", "pk": 1, "fields": {"id": 1, "name": "Aid Action", "template": "Du hja\u0308lper/eller stja\u0308lper en annan karakta\u0308r. Du skickar in en Aid Action-handling och anger en handling som en annan karakta\u0308r ta\u0308nker genomfo\u0308ra och om du vill hja\u0308lpa eller stja\u0308lpa. Om de har skickat in handlingen som du anger sa\u030a fa\u030ar de va\u0308lja om de vill motta din Aid Action. De fra\u030an INTE veta om du kommer hja\u0308lpa eller stja\u0308lpa (du fa\u030ar givetvis pa\u030asta\u030a vad du vill). Om de vill ta emot din hja\u0308lp sla\u030ar du samma slag som de go\u0308r och la\u0308gger till/drar ifra\u030an dina lyckade till deras. Den du hja\u0308lper a\u0308r dock den\r\nsom fa\u030ar effekten av ett lyckat handling. Om handlingen du hja\u0308lper inneba\u0308r en risk sa\u030a kan den drabba a\u0308ven dig.", "history_date": "2016-01-11T12:49:00.678Z", "history_user": 1, "history_type": "+"}}, {"model": "players.historicalactiontype", "pk": 2, "fields": {"id": 2, "name": "Conserve (Influence)", "template": "Slag: Charisma + Inflytandets Ability + Dominate* + 3 Automatiska lyckade\r\nVS Charisma + Inflytandets Ability + Presence* (Steal)\r\nELLER Strength/Charisma/Intellect + Inflytandets Ability/Combat/Intimidation + Celerity*/Fortitude*/Potence* OCH Manipulation + Inflytandets Ability + Auspex*\r\nVS Manipulation + Stealth + Obfuscate*\r\n\r\nDu fo\u0308rsta\u0308rker din kontroll o\u0308ver ett av dina etablerade inflytandeomra\u030aden och fa\u030ar mo\u0308jlighet att uppta\u0308cka vem som genomfo\u0308r eventuella angrepp. Vanligtvis fo\u0308rsvarar du ditt inflytande med Inflytandets ability + Dominate*, men med conserve influence-handlingen fa\u030ar du la\u0308gga till din charisma och fa\u030ar dessutom tre automatiska lyckade.", "history_date": "2016-01-11T12:49:28.932Z", "history_user": 1, "history_type": "+"}}, {"model": "players.historicalactiontype", "pk": 3, "fields": {"id": 3, "name": "Conserve (Domain)", "template": "Slag: Intellect + Doma\u0308nens Ability + Animalism VS Sva\u030arighetsgrad pa\u030a problem\r\nOCH Wits + Doma\u0308nens Ability + Protean*\r\nVS Wits + Stealth + Obfuscate*\r\n\r\nDu minskar de omedelbara effekterna av problem som uppsta\u030ar pa\u030a din doma\u0308n till fo\u0308ljd av ploter, downtimehandlingar och overfeeding. Du fa\u030ar ocksa\u030a sla\u030a slag fo\u0308r att uppta\u0308cka vem/vilka som overfeedat i din doma\u0308n.", "history_date": "2016-01-11T12:49:45.683Z", "history_user": 1, "history_type": "+"}}, {"model": "players.historicalactiontype", "pk": 4, "fields": {"id": 4, "name": "Influence (Forge)", "template": "Slag: VS Krav:\r\nCharisma + Inflytandets Ability + Presence*\r\nSpecial\r\nTidigare lyckad Investigate (Influence) ELLER Namngiven karakta\u0308r som inte a\u0308r en hook\r\nDu skapar en ny Hook fo\u0308rutsatt att det finns en ledig plats fo\u0308r dig. Om flera personer fo\u0308rso\u0308ker flytta till en tom niva\u030a samtidigt besta\u0308ms vem platsen ga\u030ar enligt fo\u0308ljande:\r\n1. De som har fo\u0308rlorat en hook i inflytandet denna eller fo\u0308rega\u030aende downtime la\u0308mnar fo\u0308retra\u0308de till alla andra.\r\n2. De som stja\u0308l inflytande fa\u030ar fo\u0308rtur.\r\n3. Den som har sto\u0308rst antal successes fa\u030ar fo\u0308rtur.\r\nDu ma\u030aste specificera i vilken doma\u0308n du skapar en ny hook. En lyckad kra\u0308vs fo\u0308r att skapa en ny hook i en doma\u0308n da\u0308r inflytandet a\u0308r vanligt fo\u0308rekommande, annars kra\u0308vs tre lyckade. Du fa\u030ar sla\u030a ett slag fo\u0308r att do\u0308lja din inblandning.", "history_date": "2016-01-11T12:50:08.438Z", "history_user": 1, "history_type": "+"}}, {"model": "players.historicalactiontype", "pk": 5, "fields": {"id": 5, "name": "Influence (Steal)", "template": "Slag: Charisma + Inflytandes Ability + Presence*\r\nVS Inflytandets Ability + Dominate*\r\nELLER Charisma + Inflytandets Ability + Dominate* + 3 Automatiska lyckade (om offret tagit Conserve (Influence)) OCH Manipulation + Stealth + Obfuscate*\r\nVS Manipulation + Inflytandets Ability + Auspex*\r\n\r\nKrav: Namngiven karakta\u0308r som a\u0308r en hook tillho\u0308rande en annan karakta\u0308r\r\n\r\nDu stja\u0308l en ny hook fo\u0308rutsatt att det finns en ledig plats fo\u0308r dig. I annat fall frigo\u0308rs hooken sa\u030a att ingen la\u0308ngre kontrollerar den. Du fa\u030ar sla\u030a ett slag fo\u0308r att do\u0308lja din inblandning. Se Influence (Forge) fo\u0308r mer information.", "history_date": "2016-01-11T12:50:29.364Z", "history_user": 1, "history_type": "+"}}, {"model": "players.historicalactiontype", "pk": 6, "fields": {"id": 6, "name": "Influence (Destroy)", "template": "Slag: Strength/Charisma/Intellect + Inflytandets Ability/Combat/Intimidation + Celerity*/Fortitude*/Potence*/Dementation*\r\nVS Inflytandets Ability + Dominate*\r\nELLER Charisma + Inflytandets Ability + Dominate* + 3 Automatiska lyckade (om offret tagit Conserve (Influence)) OCH Manipulation + Stealth + Obfuscate*\r\nVS Manipulation + Inflytandets Ability + Auspex*\r\n\r\nKrav: Namngiven karakta\u0308r som a\u0308r en hook tillho\u0308rande en annan karakta\u0308r OCH Fo\u0308rlora en Humanityniva\u030a\r\n\r\nDu fo\u0308rsto\u0308r permanent en hook. Du fa\u030ar sla\u030a ett slag fo\u0308r att do\u0308lja din inblandning.", "history_date": "2016-01-11T12:50:51.015Z", "history_user": 1, "history_type": "+"}}, {"model": "players.historicalactiontype", "pk": 7, "fields": {"id": 7, "name": "Investigate (Character: Influence)", "template": "Slag: Wits + Investigation + Auspex* VS Special\r\n\r\nDu underso\u0308ker en karakta\u0308rs inflytande. Du fa\u030ar spendera dina lyckade fo\u0308r att fa\u030a information enligt fo\u0308ljande:\r\n\r\nAlla Masterniva\u030aer 1\r\nAlla Master och Contenderniva\u030aer 2\r\nAlla Inflytandeniva\u030aer 3\r\nAlla hooks i ett valt inflytande 2\r\nEn hook i ett valt inflytande 1\r\nEn ka\u0308nd hooks keywords 1\r\n\r\nNa\u0308r ta\u0308rningarna slagits sa\u030a spenderar du alla dina lyckade samtidigt. Om det inte finns na\u030agon information att ha\u0308mta sa\u030a ga\u030ar dina lyckade a\u030at fo\u0308r att fa\u030a reda pa\u030a det. Om du inte kan spendera dina lyckade ja\u0308mnt sa\u030a ga\u030ar oanva\u0308nda till spillo.", "history_date": "2016-01-11T12:51:37.117Z", "history_user": 1, "history_type": "+"}}, {"model": "players.historicalactiontype", "pk": 8, "fields": {"id": 8, "name": "Investigate (Character: Resources)", "template": "Slag: Wits + Investigation + Protean* VS Special\r\n\r\nDu underso\u0308ker en karakta\u0308rs backgrounds och feeding. Du fa\u030ar spendera dina lyckade fo\u0308r att fa\u030a information enligt fo\u0308ljande:\r\n\r\nEn slumpma\u0308ssigt background 1\r\nEn vald typ av background 1\r\nHur mycket blod som tagits och var 3\r\nHur ma\u030anga Resource points karakta\u0308ren har 3\r\n\r\nNa\u0308r ta\u0308rningarna slagits sa\u030a spenderar du alla dina lyckade samtidigt. Om du spenderar mer lyckade a\u0308n det finns backgrounds sa\u030a ga\u030ar de till spillo.", "history_date": "2016-01-11T12:52:21.300Z", "history_user": 1, "history_type": "+"}}, {"model": "players.historicalactiontype", "pk": 9, "fields": {"id": 9, "name": "Investigate (Character: Downtime Actions)", "template": "Slag: Wits + Investigation + Protean* VS Wits + Stealth + Obfuscate*\r\n\r\nDu underso\u0308ker vilka downtime-handlingar en spelare har valt och kan va\u0308lja att ingripa fo\u0308r att stoppa na\u030agon av dem. Om du lyckas sa\u030a fa\u030ar du en lista av handlingar och kan sa\u0308tta en scen da\u0308r du ingriper pa\u030a ett sa\u0308tt som du finner la\u0308mpligt.\r\n", "history_date": "2016-01-11T12:52:48.893Z", "history_user": 1, "history_type": "+"}}, {"model": "players.historicalactiontype", "pk": 10, "fields": {"id": 10, "name": "Investigate (Counter spionage)", "template": "Slag: Wits + Investigation + Protean* VS Wits + Stealth + Obfuscate*\r\n\r\nDu underso\u0308ker om na\u030agon fo\u0308rso\u0308ker ta reda pa\u030a saker om dig eller dina inflytanden. Du fa\u030ar en lista pa\u030a alla som har underso\u0308kt dig som du har fa\u030att lika ma\u030anga eller fler lyckade som.", "history_date": "2016-01-11T12:53:38.598Z", "history_user": 1, "history_type": "+"}}, {"model": "players.historicalactiontype", "pk": 11, "fields": {"id": 11, "name": "Investigate (Phenomenon)", "template": "Slag: Wits + Investigation + Dementation* VS Special\r\n\r\nDu fo\u0308rso\u0308ker ta reda pa\u030a information om ett settingelement. Fler lyckade ger mer, ba\u0308ttre information. Det a\u0308r mo\u0308jligt att va\u0308lja ett inflytandeomra\u030ade, i sa\u030adana fall ger 1 lyckad ett osa\u0308kert rykte och 3 lyckade ett sa\u0308kert rykte.", "history_date": "2016-01-11T12:53:55.670Z", "history_user": 1, "history_type": "+"}}, {"model": "players.historicalactiontype", "pk": 12, "fields": {"id": 12, "name": "Investigate (Influence)", "template": "Slag: Manipulation + Inflytandes Ability + Auspex* VS Special\r\n\r\nDu underso\u0308ker det allma\u0308na la\u0308get inom ett inflytandeomra\u030ade. Den fo\u0308rsta lyckade ger vem som a\u0308r master och contenders, alla fo\u0308ljande lyckade ger slumpma\u0308ssiga hooks inom inflytandet.", "history_date": "2016-01-11T12:54:11.050Z", "history_user": 1, "history_type": "+"}}, {"model": "players.historicalactiontype", "pk": 13, "fields": {"id": 13, "name": "Learn", "template": "Du bo\u0308rjar att la\u0308ra dig ett nytt trait enligt inla\u0308rningsreglerna.", "history_date": "2016-01-11T12:54:20.366Z", "history_user": 1, "history_type": "+"}}, {"model": "players.historicalactiontype", "pk": 14, "fields": {"id": 14, "name": "Invest", "template": "Du bo\u0308rjar skaffa dig en ny background enligt inla\u0308rningsreglerna.", "history_date": "2016-01-11T12:54:27.675Z", "history_user": 1, "history_type": "+"}}, {"model": "players.historicalactiontype", "pk": 15, "fields": {"id": 15, "name": "Mentor", "template": "Du ger mentorbonusen till na\u030agon fo\u0308r ett trait du a\u0308r kvalificerad att la\u0308ra dem enligt inla\u0308rningsreglerna.", "history_date": "2016-01-11T12:54:34.891Z", "history_user": 1, "history_type": "+"}}, {"model": "players.historicalactiontype", "pk": 16, "fields": {"id": 16, "name": "Rest", "template": "Du a\u030aterfa\u030ar alla spenderad Willpower.", "history_date": "2016-01-11T12:54:42.484Z", "history_user": 1, "history_type": "+"}}, {"model": "players.historicalactiontype", "pk": 17, "fields": {"id": 17, "name": "Patrullera dom\u00e4n", "template": "Lagmannen kan v\u00e4lja ett omr\u00e5de d\u00e4r det uppst\u00e5r ett Problem mindre under downtime.", "history_date": "2016-01-11T13:19:18.756Z", "history_user": 1, "history_type": "+"}}, {"model": "players.historicalactiontype", "pk": 18, "fields": {"id": 18, "name": "Neglegera dom\u00e4n", "template": "Lagmannen kan v\u00e4lja ett omr\u00e5de d\u00e4r det uppst\u00e5r ett Problem mer under downtime.", "history_date": "2016-01-11T13:19:53.251Z", "history_user": 1, "history_type": "+"}}, {"model": "players.historicalactiontype", "pk": 19, "fields": {"id": 19, "name": "Elysiem\u00e4starens fr\u00e5ga", "template": "Elysiem\u00e4staren f\u00e5r st\u00e4lla vars en personlig fr\u00e5ga till tre valfria bes\u00f6kare p\u00e5 Elysium. Bes\u00f6karen m\u00e5ste svara \u00e4rligt eller betala en Liten G\u00e4ld. Om information avsl\u00f6jas beslutar spelarna hur den har framkommit.", "history_date": "2016-01-11T13:24:19.562Z", "history_user": 1, "history_type": "+"}}, {"model": "players.historicalactiontype", "pk": 20, "fields": {"id": 20, "name": "Primogenens Aid Action", "template": "Primogener har en extra downtimehandling som endast kan anv\u00e4ndas till Aid Action till n\u00e5gon inom klanen.", "history_date": "2016-01-11T13:26:23.678Z", "history_user": 1, "history_type": "+"}}, {"model": "players.historicalactiontype", "pk": 21, "fields": {"id": 21, "name": "Primogenens fr\u00e5ga", "template": "Primogener f\u00e5r st\u00e4lla en personlig fr\u00e5ga till en valfri klanmedlem. Klanmedlemmen m\u00e5ste svara \u00e4rligt eller betala en ansenlig G\u00e4ld. Om information avsl\u00f6jas beslutar spelarna hur den har framkommit.", "history_date": "2016-01-11T13:26:44.415Z", "history_user": 1, "history_type": "+"}}, {"model": "players.historicalactiontype", "pk": 22, "fields": {"id": 2, "name": "Conserve (Influence)", "template": "**Slag:** Charisma + Inflytandets Ability + Dominate* + 3 Automatiska lyckade\r\nVS Charisma + Inflytandets Ability + Presence (Steal)\r\nELLER Strength/Charisma/Intellect + Inflytandets Ability/Combat/Intimidation + Celerity/Fortitude/Potence OCH Manipulation + Inflytandets Ability + Auspex\r\nVS Manipulation + Stealth + Obfuscate*\r\n\r\nDu fo\u0308rsta\u0308rker din kontroll o\u0308ver ett av dina etablerade inflytandeomra\u030aden och fa\u030ar mo\u0308jlighet att uppta\u0308cka vem som genomfo\u0308r eventuella angrepp. Vanligtvis fo\u0308rsvarar du ditt inflytande med Inflytandets ability + Dominate, men med conserve influence-handlingen fa\u030ar du la\u0308gga till din charisma och fa\u030ar dessutom tre automatiska lyckade.", "history_date": "2016-01-14T19:05:13.616Z", "history_user": 1, "history_type": "~"}}, {"model": "players.historicalactiontype", "pk": 23, "fields": {"id": 2, "name": "Conserve (Influence)", "template": "**Slag:** Charisma + Inflytandets Ability + Dominate + 3 Automatiska lyckade\r\nVS Charisma + Inflytandets Ability + Presence (Steal)\r\nELLER Strength/Charisma/Intellect + Inflytandets Ability/Combat/Intimidation + Celerity/Fortitude/Potence OCH Manipulation + Inflytandets Ability + Auspex\r\nVS Manipulation + Stealth + Obfuscate\r\n\r\nDu fo\u0308rsta\u0308rker din kontroll o\u0308ver ett av dina etablerade inflytandeomra\u030aden och fa\u030ar mo\u0308jlighet att uppta\u0308cka vem som genomfo\u0308r eventuella angrepp. Vanligtvis fo\u0308rsvarar du ditt inflytande med Inflytandets ability + Dominate, men med conserve influence-handlingen fa\u030ar du la\u0308gga till din charisma och fa\u030ar dessutom tre automatiska lyckade.", "history_date": "2016-01-14T19:05:46.347Z", "history_user": 1, "history_type": "~"}}, {"model": "players.historicalactiontype", "pk": 24, "fields": {"id": 16, "name": "Rest", "template": "Du \u00e5terf\u00e5r all spenderad Willpower.", "history_date": "2016-01-15T13:03:15.234Z", "history_user": 7, "history_type": "~"}}, {"model": "players.historicalactiontype", "pk": 25, "fields": {"id": 15, "name": "Mentor", "template": "Du ger mentorbonusen till n\u00e5gon f\u00f6r ett trait du \u00e4r kvalificerad att l\u00e4ra dem enligt inl\u00e4rningsreglerna.", "history_date": "2016-01-15T13:03:54.293Z", "history_user": 7, "history_type": "~"}}, {"model": "players.historicalactiontype", "pk": 26, "fields": {"id": 12, "name": "Investigate (Influence)", "template": "**Slag**: Manipulation + Inflytandes Ability + Auspex\\* VS Special\r\n\r\nDu unders\u00f6ker det allm\u00e4nna l\u00e4get inom ett inflytandeomr\u00e5de. Den f\u00f6rsta lyckade ger vem som \u00e4r master och contenders, alla f\u00f6ljande lyckade ger slumpm\u00e4ssiga hooks inom inflytandet.", "history_date": "2016-01-15T13:09:49.710Z", "history_user": 7, "history_type": "~"}}, {"model": "players.historicalactiontype", "pk": 27, "fields": {"id": 11, "name": "Investigate (Phenomenon)", "template": "**Slag:** Wits + Investigation + Dementation\\* VS Special\r\n\r\nDu f\u00f6rs\u00f6ker ta reda p\u00e5 information om ett settingelement. Fler lyckade ger mer, b\u00e4ttre information. Det \u00e4r m\u00f6jligt att v\u00e4lja ett inflytandeomr\u00e5de, i s\u00e5dana fall ger 1 lyckad ett os\u00e4kert rykte och 3 lyckade ett s\u00e4kert rykte.", "history_date": "2016-01-15T13:13:39.867Z", "history_user": 7, "history_type": "~"}}, {"model": "players.historicalactiontype", "pk": 28, "fields": {"id": 12, "name": "Investigate (Influence)", "template": "**Slag:** Manipulation + Inflytandes Ability + Auspex\\* VS Special\r\n\r\nDu unders\u00f6ker det allm\u00e4nna l\u00e4get inom ett inflytandeomr\u00e5de. Den f\u00f6rsta lyckade ger vem som \u00e4r master och contenders, alla f\u00f6ljande lyckade ger slumpm\u00e4ssiga hooks inom inflytandet.", "history_date": "2016-01-15T13:13:47.850Z", "history_user": 7, "history_type": "~"}}, {"model": "players.historicalactiontype", "pk": 29, "fields": {"id": 21, "name": "Primogenens fr\u00e5ga", "template": "Primogener f\u00e5r st\u00e4lla en personlig fr\u00e5ga till en valfri klanmedlem. Klanmedlemmen m\u00e5ste svara \u00e4rligt eller betala en ansenlig G\u00e4ld. Om information avsl\u00f6jas beslutar spelarna hur den har framkommit.", "history_date": "2016-01-15T13:14:02.702Z", "history_user": 7, "history_type": "~"}}, {"model": "players.historicalactiontype", "pk": 30, "fields": {"id": 20, "name": "Primogenens Aid Action", "template": "Primogener har en extra downtimehandling som endast kan anv\u00e4ndas till Aid Action till n\u00e5gon inom klanen.", "history_date": "2016-01-15T13:14:10.355Z", "history_user": 7, "history_type": "~"}}, {"model": "players.historicalactiontype", "pk": 31, "fields": {"id": 19, "name": "Elysiem\u00e4starens fr\u00e5ga", "template": "Elysiem\u00e4staren f\u00e5r st\u00e4lla vars en personlig fr\u00e5ga till tre valfria bes\u00f6kare p\u00e5 Elysium. Bes\u00f6karen m\u00e5ste svara \u00e4rligt eller betala en Liten G\u00e4ld. Om information avsl\u00f6jas beslutar spelarna hur den har framkommit.", "history_date": "2016-01-15T13:14:15.556Z", "history_user": 7, "history_type": "~"}}, {"model": "players.historicalactiontype", "pk": 32, "fields": {"id": 18, "name": "Neglegera dom\u00e4n", "template": "Lagmannen kan v\u00e4lja ett omr\u00e5de d\u00e4r det uppst\u00e5r ett Problem mer under downtime.", "history_date": "2016-01-15T13:14:24.251Z", "history_user": 7, "history_type": "~"}}, {"model": "players.historicalactiontype", "pk": 33, "fields": {"id": 17, "name": "Patrullera dom\u00e4n", "template": "Lagmannen kan v\u00e4lja ett omr\u00e5de d\u00e4r det uppst\u00e5r ett Problem mindre under downtime.", "history_date": "2016-01-15T13:14:31.633Z", "history_user": 7, "history_type": "~"}}, {"model": "players.historicalactiontype", "pk": 34, "fields": {"id": 14, "name": "Invest", "template": "Du b\u00f6rjar skaffa dig en ny background enligt inl\u00e4rningsreglerna.", "history_date": "2016-01-15T13:14:53.305Z", "history_user": 7, "history_type": "~"}}, {"model": "players.historicalactiontype", "pk": 35, "fields": {"id": 13, "name": "Learn", "template": "Du b\u00f6rjar att l\u00e4ra dig ett nytt trait enligt inl\u00e4rningsreglerna.", "history_date": "2016-01-15T13:15:51.847Z", "history_user": 7, "history_type": "~"}}, {"model": "players.historicalactiontype", "pk": 36, "fields": {"id": 10, "name": "Investigate (Counter spionage)", "template": "**Slag:** Wits + Investigation + Protean\\* VS Wits + Stealth + Obfuscate\\*\r\n\r\nDu unders\u00f6ker om n\u00e5gon f\u00f6rs\u00f6ker ta reda p\u00e5 saker om dig eller dina inflytanden. Du f\u00e5r en lista p\u00e5 alla om har unders\u00f6kt dig som du har f\u00e5tt lika m\u00e5nga eller fler lyckade som.", "history_date": "2016-01-15T13:17:41.884Z", "history_user": 7, "history_type": "~"}}, {"model": "players.historicalactiontype", "pk": 37, "fields": {"id": 9, "name": "Investigate (Character: Downtime Actions)", "template": "**Slag:** Wits + Investigation + Protean\\* VS Wits + Stealth + Obfuscate\\*\r\n\r\nDu unders\u00f6ker vilka downtime-handlingar en spelare har valt och kan v\u00e4lja att ingripa f\u00f6r att stoppa n\u00e5gon av dem. Om du lyckas s\u00e5 f\u00e5r du en lista av handlingar och kan s\u00e4tta en scen d\u00e4r du ingriper p\u00e5 ett s\u00e4tt som du finner l\u00e4mpligt.\r\n", "history_date": "2016-01-15T13:21:49.522Z", "history_user": 7, "history_type": "~"}}, {"model": "players.historicalactiontype", "pk": 38, "fields": {"id": 8, "name": "Investigate (Character: Resources)", "template": "**Slag:** Wits + Investigation + Protean\\* VS Special\r\n\r\nDu unders\u00f6ker en karakt\u00e4rs backgrounds och feeding. Du f\u00e5r spendera dina lyckade f\u00f6r att f\u00e5 information enligt f\u00f6ljande:\r\n\r\nEn slumpm\u00e4ssigt background 1\r\nEn vald typ av background 1\r\nHur mycket blod som tagits och var 3\r\nHur m\u00e5nga Resource points karakt\u00e4ren har 3\r\n\r\nN\u00e4r t\u00e4rningarna slagits s\u00e5 spenderar du alla dina lyckade samtidigt. Om du spenderar mer lyckade \u00e4n det finns backgrounds s\u00e5 g\u00e5r de till spillo.", "history_date": "2016-01-15T13:23:24.129Z", "history_user": 7, "history_type": "~"}}, {"model": "players.historicalactiontype", "pk": 39, "fields": {"id": 9, "name": "Investigate (Character: Downtime Actions)", "template": "**Slag:** Wits + Investigation + Protean\\* VS Wits + Stealth + Obfuscate\\*\r\n\r\nDu unders\u00f6ker vilka downtime-handlingar en spelare har valt och kan v\u00e4lja att ingripa f\u00f6r att stoppa n\u00e5gon av dem. Om du lyckas s\u00e5 f\u00e5r du en lista av handlingar och kan s\u00e4tta en scen d\u00e4r du ingriper p\u00e5 ett s\u00e4tt som du finner l\u00e4mpligt.\r\n", "history_date": "2016-01-15T13:26:26.695Z", "history_user": 7, "history_type": "~"}}, {"model": "players.historicalactiontype", "pk": 40, "fields": {"id": 8, "name": "Investigate (Character: Resources)", "template": "**Slag:** Wits + Investigation + Protean\\* VS Special\r\n\r\nDu unders\u00f6ker en karakt\u00e4rs backgrounds och feeding. Du f\u00e5r spendera dina lyckade f\u00f6r att f\u00e5 information enligt f\u00f6ljande:\r\n\r\nEn slumpm\u00e4ssigt background 1\r\nEn vald typ av background 1\r\nHur mycket blod som tagits och var 3\r\nHur m\u00e5nga Resource points karakt\u00e4ren har 3\r\n\r\nN\u00e4r t\u00e4rningarna slagits s\u00e5 spenderar du alla dina lyckade samtidigt. Om du spenderar mer lyckade \u00e4n det finns backgrounds s\u00e5 g\u00e5r de till spillo.", "history_date": "2016-01-15T13:26:32.501Z", "history_user": 7, "history_type": "~"}}, {"model": "players.historicalactiontype", "pk": 41, "fields": {"id": 7, "name": "Investigate (Character: Influence)", "template": "**Slag:** Wits + Investigation + Auspex\\* VS Special\r\n\r\nDu unders\u00f6ker en karakt\u00e4rs inflytande. Du f\u00e5r spendera dina lyckade f\u00f6r att f\u00e5 information enligt f\u00f6ljande:\r\n\r\nAlla Masterniv\u00e5er 1\r\nAlla Master och Contenderniv\u00e5er 2\r\nAlla Inflytandeniv\u00e5er 3\r\nAlla hooks i ett valt inflytande 2\r\nEn hook i ett valt inflytande 1\r\nEn k\u00e4nd hooks keywords 1\r\n\r\nN\u00e4r t\u00e4rningarna slagits s\u00e5 spenderar du alla dina lyckade samtidigt. Om det inte finns n\u00e5gon information att h\u00e4mta s\u00e5 g\u00e5r dina lyckade \u00e5t f\u00f6r att f\u00e5 reda p\u00e5 det. Om du inte kan spendera dina lyckade j\u00e4mnt s\u00e5 g\u00e5r oanv\u00e4nda till spillo.", "history_date": "2016-01-15T13:28:52.345Z", "history_user": 7, "history_type": "~"}}, {"model": "players.historicalactiontype", "pk": 42, "fields": {"id": 7, "name": "Investigate (Character: Influence)", "template": "**Slag:** Wits + Investigation + Auspex\\* VS Special\r\n\r\nDu unders\u00f6ker en karakt\u00e4rs inflytande. Du f\u00e5r spendera dina lyckade f\u00f6r att f\u00e5 information enligt f\u00f6ljande:\r\n\r\n* Alla Masterniv\u00e5er 1\r\n* Alla Master och Contenderniv\u00e5er 2\r\n* Alla Inflytandeniv\u00e5er 3\r\n* Alla hooks i ett valt inflytande 2\r\n* En hook i ett valt inflytande 1\r\n* En k\u00e4nd hooks keywords 1\r\n\r\nN\u00e4r t\u00e4rningarna slagits s\u00e5 spenderar du alla dina lyckade samtidigt. Om det inte finns n\u00e5gon information att h\u00e4mta s\u00e5 g\u00e5r dina lyckade \u00e5t f\u00f6r att f\u00e5 reda p\u00e5 det. Om du inte kan spendera dina lyckade j\u00e4mnt s\u00e5 g\u00e5r oanv\u00e4nda till spillo.", "history_date": "2016-01-15T13:30:42.622Z", "history_user": 7, "history_type": "~"}}, {"model": "players.historicalactiontype", "pk": 43, "fields": {"id": 6, "name": "Influence (Destroy)", "template": "**Slag:** Strength/Charisma/Intellect + Inflytandets Ability/Combat/Intimidation + Celerity\\*/Fortitude\\*/Potence\\*/Dementation\\*\r\nVS Inflytandets Ability + Dominate\\*\r\nELLER Charisma + Inflytandets Ability + Dominate\\* + 3 Automatiska lyckade (om offret tagit Conserve (Influence)) OCH Manipulation + Stealth + Obfuscate\\*\r\nVS Manipulation + Inflytandets Ability + Auspex\\*\r\n\r\nKrav: Namngiven karakt\u00e4r som \u00e4r en hook tillh\u00f6rande en annan karakt\u00e4r OCH F\u00f6rlora en Humanityniv\u00e5\r\n\r\nDu f\u00f6rst\u00f6r permanent en hook. Du f\u00e5r sl\u00e5 ett slag f\u00f6r att d\u00f6lja din inblandning.", "history_date": "2016-01-15T15:12:04.580Z", "history_user": 7, "history_type": "~"}}, {"model": "players.historicalactiontype", "pk": 44, "fields": {"id": 5, "name": "Influence (Steal)", "template": "**Slag:** Charisma + Inflytandes Ability + Presence\\*\r\nVS Inflytandets Ability + Dominate\\*\r\nELLER Charisma + Inflytandets Ability + Dominate\\* + 3 Automatiska lyckade (om offret tagit Conserve (Influence)) OCH Manipulation + Stealth + Obfuscate\\*\r\nVS Manipulation + Inflytandets Ability + Auspex\\*\r\n\r\nKrav: Namngiven karakt\u00e4r som \u00e4r en hook tillh\u00f6rande en annan karakt\u00e4r\r\n\r\nDu stj\u00e4l en ny hook f\u00f6rutsatt att det finns en ledig plats f\u00f6r dig. I annat fall frig\u00f6rs hooken s\u00e5 att ingen l\u00e4ngre kontrollerar den. Du f\u00e5r sl\u00e5 ett slag f\u00f6r att d\u00f6lja din inblandning. Se Influence (Forge) f\u00f6r mer information.", "history_date": "2016-01-15T15:13:34.510Z", "history_user": 7, "history_type": "~"}}, {"model": "players.historicalactiontype", "pk": 45, "fields": {"id": 4, "name": "Influence (Forge)", "template": "**Slag:** Charisma + Inflytandets Ability + Presence\\*\r\nVS\r\nSpecial\r\n**Krav:** Tidigare lyckad Investigate (Influence) ELLER Namngiven karakt\u00e4r som inte \u00e4r en hook\r\n\r\nDu skapar en ny Hook f\u00f6rutsatt att det finns en ledig plats f\u00f6r dig. Om flera personer f\u00f6rs\u00f6ker flytta till en tom niv\u00e5 samtidigt best\u00e4ms vem platsen g\u00e5r enligt f\u00f6ljande:\r\n1. De som har f\u00f6rlorat en hook i inflytandet denna eller f\u00f6reg\u00e5ende downtime l\u00e4mnar f\u00f6retr\u00e4de till alla andra.\r\n2. De som stj\u00e4l inflytande f\u00e5r f\u00f6rtur.\r\n3. Den som har st\u00f6rst antal successes f\u00e5r f\u00f6rtur.\r\nDu m\u00e5ste specificera i vilken dom\u00e4n du skapar en ny hook. En lyckad kr\u00e4vs f\u00f6r att skapa en ny hook i en dom\u00e4n d\u00e4r inflytandet \u00e4r vanligt f\u00f6rekommande, annars kr\u00e4vs tre lyckade. Du f\u00e5r sl\u00e5 ett slag f\u00f6r att d\u00f6lja din inblandning.", "history_date": "2016-01-15T15:16:46.804Z", "history_user": 7, "history_type": "~"}}, {"model": "players.historicalactiontype", "pk": 46, "fields": {"id": 4, "name": "Influence (Forge)", "template": "**Slag:** Charisma + Inflytandets Ability + Presence\\* VS Special\r\n**Krav:** Tidigare lyckad Investigate (Influence) ELLER Namngiven karakt\u00e4r som inte \u00e4r en hook\r\n\r\nDu skapar en ny Hook f\u00f6rutsatt att det finns en ledig plats f\u00f6r dig. Om flera personer f\u00f6rs\u00f6ker flytta till en tom niv\u00e5 samtidigt best\u00e4ms vem platsen g\u00e5r enligt f\u00f6ljande:\r\n1. De som har f\u00f6rlorat en hook i inflytandet denna eller f\u00f6reg\u00e5ende downtime l\u00e4mnar f\u00f6retr\u00e4de till alla andra.\r\n2. De som stj\u00e4l inflytande f\u00e5r f\u00f6rtur.\r\n3. Den som har st\u00f6rst antal successes f\u00e5r f\u00f6rtur.\r\nDu m\u00e5ste specificera i vilken dom\u00e4n du skapar en ny hook. En lyckad kr\u00e4vs f\u00f6r att skapa en ny hook i en dom\u00e4n d\u00e4r inflytandet \u00e4r vanligt f\u00f6rekommande, annars kr\u00e4vs tre lyckade. Du f\u00e5r sl\u00e5 ett slag f\u00f6r att d\u00f6lja din inblandning.", "history_date": "2016-01-15T15:17:13.504Z", "history_user": 7, "history_type": "~"}}, {"model": "players.historicalactiontype", "pk": 47, "fields": {"id": 3, "name": "Conserve (Domain)", "template": "**Slag:** Intellect + Dom\u00e4nens Ability + Animalism VS Sv\u00e5righetsgrad p\u00e5 problem\r\nOCH Wits + Dom\u00e4nens Ability + Protean\\*\r\nVS Wits + Stealth + Obfuscate\\*\r\n\r\nDu minskar de omedelbara effekterna av problem som uppst\u00e5r p\u00e5 din dom\u00e4n till f\u00f6ljd av ploter, downtimehandlingar och overfeeding. Du f\u00e5r ocks\u00e5 sl\u00e5 slag f\u00f6r att uppt\u00e4cka vem/vilka som overfeedat i din dom\u00e4n.", "history_date": "2016-01-15T15:18:26.067Z", "history_user": 7, "history_type": "~"}}, {"model": "players.historicalactiontype", "pk": 48, "fields": {"id": 2, "name": "Conserve (Influence)", "template": "**Slag:** Charisma + Inflytandets Ability + Dominate\\* + 3 Automatiska lyckade\r\nVS Charisma + Inflytandets Ability + Presence\\* (Steal)\r\nELLER Strength/Charisma/Intellect + Inflytandets Ability/Combat/Intimidation + Celerity\\*/Fortitude\\*/Potence\\* OCH Manipulation + Inflytandets Ability + Auspex\\*\r\nVS Manipulation + Stealth + Obfuscate\\*\r\n\r\nDu f\u00f6rst\u00e4rker din kontroll o\u0308ver ett av dina etablerade inflytandeomra\u030aden och fa\u030ar mo\u0308jlighet att uppta\u0308cka vem som genomfo\u0308r eventuella angrepp. Vanligtvis fo\u0308rsvarar du ditt inflytande med Inflytandets ability + Dominate, men med conserve influence-handlingen fa\u030ar du la\u0308gga till din charisma och fa\u030ar dessutom tre automatiska lyckade.", "history_date": "2016-01-15T15:19:43.542Z", "history_user": 7, "history_type": "~"}}, {"model": "players.historicalactiontype", "pk": 49, "fields": {"id": 12, "name": "Investigate (Influence)", "template": "**Slag:** Manipulation + Inflytandes Ability + Auspex\\* \r\nVS\r\n Special\r\n\r\nDu unders\u00f6ker det allm\u00e4nna l\u00e4get inom ett inflytandeomr\u00e5de. Den f\u00f6rsta lyckade ger vem som \u00e4r master och contenders, alla f\u00f6ljande lyckade ger slumpm\u00e4ssiga hooks inom inflytandet.", "history_date": "2016-01-29T21:38:03.723Z", "history_user": 1, "history_type": "~"}}, {"model": "players.historicalactiontype", "pk": 50, "fields": {"id": 12, "name": "Investigate (Influence)", "template": "**Slag:** Manipulation + Inflytandes Ability + Auspex\\*  *VS* Special\r\n\r\nDu unders\u00f6ker det allm\u00e4nna l\u00e4get inom ett inflytandeomr\u00e5de. Den f\u00f6rsta lyckade ger vem som \u00e4r master och contenders, alla f\u00f6ljande lyckade ger slumpm\u00e4ssiga hooks inom inflytandet.", "history_date": "2016-01-29T21:40:21.614Z", "history_user": 1, "history_type": "~"}}, {"model": "players.historicalactiontype", "pk": 51, "fields": {"id": 12, "name": "Investigate (Influence)", "template": "**Slag:** Manipulation + Inflytandes Ability + Auspex\\*  VS Special\r\n\r\nDu unders\u00f6ker det allm\u00e4nna l\u00e4get inom ett inflytandeomr\u00e5de. Den f\u00f6rsta lyckade ger vem som \u00e4r master och contenders, alla f\u00f6ljande lyckade ger slumpm\u00e4ssiga hooks inom inflytandet.", "history_date": "2016-01-29T21:41:24.393Z", "history_user": 1, "history_type": "~"}}, {"model": "players.historicalactiontype", "pk": 52, "fields": {"id": 5, "name": "Influence (Steal)", "template": "**Slag:** Charisma + Inflytandes Ability + Presence\\*\r\nVS Inflytandets Ability + Dominate\\*\r\nELLER Charisma + Inflytandets Ability + Dominate\\* + 3 Automatiska lyckade (om offret tagit Conserve (Influence)) OCH Manipulation + Stealth + Obfuscate\\*\r\nVS Manipulation + Inflytandets Ability + Auspex\\*\r\n\r\n**Krav:** Namngiven karakt\u00e4r som \u00e4r en hook tillh\u00f6rande en annan karakt\u00e4r\r\n\r\nDu stj\u00e4l en ny hook f\u00f6rutsatt att det finns en ledig plats f\u00f6r dig. I annat fall frig\u00f6rs hooken s\u00e5 att ingen l\u00e4ngre kontrollerar den. Du f\u00e5r sl\u00e5 ett slag f\u00f6r att d\u00f6lja din inblandning. Se Influence (Forge) f\u00f6r mer information.", "history_date": "2016-01-29T21:41:56.407Z", "history_user": 1, "history_type": "~"}}, {"model": "players.historicalactiontype", "pk": 53, "fields": {"id": 4, "name": "Influence (Forge)", "template": "\r\n**Slag:** Charisma + Inflytandets Ability + Presence\\* VS Special\r\n**Krav:** Tidigare lyckad Investigate (Influence) ELLER Namngiven karakt\u00e4r som inte \u00e4r en hook\r\n\r\nDu skapar en ny Hook f\u00f6rutsatt att det finns en ledig plats f\u00f6r dig. Om flera personer f\u00f6rs\u00f6ker flytta till en tom niv\u00e5 samtidigt best\u00e4ms vem platsen g\u00e5r enligt f\u00f6ljande:\r\n\r\n1. De som har f\u00f6rlorat en hook i inflytandet denna eller f\u00f6reg\u00e5ende downtime l\u00e4mnar f\u00f6retr\u00e4de till alla andra.\r\n2. De som stj\u00e4l inflytande f\u00e5r f\u00f6rtur.\r\n3. Den som har st\u00f6rst antal successes f\u00e5r f\u00f6rtur.\r\n\r\nDu m\u00e5ste specificera i vilken dom\u00e4n du skapar en ny hook. En lyckad kr\u00e4vs f\u00f6r att skapa en ny hook i en dom\u00e4n d\u00e4r inflytandet \u00e4r vanligt f\u00f6rekommande, annars kr\u00e4vs tre lyckade. Du f\u00e5r sl\u00e5 ett slag f\u00f6r att d\u00f6lja din inblandning.", "history_date": "2016-01-29T21:42:17.929Z", "history_user": 1, "history_type": "~"}}, {"model": "players.historicalactiontype", "pk": 54, "fields": {"id": 4, "name": "Influence (Forge)", "template": "**Slag:** Charisma + Inflytandets Ability + Presence\\* VS Special\r\n\r\n**Krav:** Tidigare lyckad Investigate (Influence) ELLER Namngiven karakt\u00e4r som inte \u00e4r en hook\r\n\r\nDu skapar en ny Hook f\u00f6rutsatt att det finns en ledig plats f\u00f6r dig. Om flera personer f\u00f6rs\u00f6ker flytta till en tom niv\u00e5 samtidigt best\u00e4ms vem platsen g\u00e5r enligt f\u00f6ljande:\r\n\r\n1. De som har f\u00f6rlorat en hook i inflytandet denna eller f\u00f6reg\u00e5ende downtime l\u00e4mnar f\u00f6retr\u00e4de till alla andra.\r\n2. De som stj\u00e4l inflytande f\u00e5r f\u00f6rtur.\r\n3. Den som har st\u00f6rst antal successes f\u00e5r f\u00f6rtur.\r\n\r\nDu m\u00e5ste specificera i vilken dom\u00e4n du skapar en ny hook. En lyckad kr\u00e4vs f\u00f6r att skapa en ny hook i en dom\u00e4n d\u00e4r inflytandet \u00e4r vanligt f\u00f6rekommande, annars kr\u00e4vs tre lyckade. Du f\u00e5r sl\u00e5 ett slag f\u00f6r att d\u00f6lja din inblandning.", "history_date": "2016-01-29T21:42:46.842Z", "history_user": 1, "history_type": "~"}}, {"model": "players.historicalactiontype", "pk": 55, "fields": {"id": 6, "name": "Influence (Destroy)", "template": "**Slag:** Strength/Charisma/Intellect + Inflytandets Ability/Combat/Intimidation + Celerity\\*/Fortitude\\*/Potence\\*/Dementation\\*\r\nVS Inflytandets Ability + Dominate\\*\r\nELLER Charisma + Inflytandets Ability + Dominate\\* + 3 Automatiska lyckade (om offret tagit Conserve (Influence)) OCH Manipulation + Stealth + Obfuscate\\*\r\nVS Manipulation + Inflytandets Ability + Auspex\\*\r\n\r\n**Krav:** Namngiven karakt\u00e4r som \u00e4r en hook tillh\u00f6rande en annan karakt\u00e4r OCH F\u00f6rlora en Humanityniv\u00e5\r\n\r\nDu f\u00f6rst\u00f6r permanent en hook. Du f\u00e5r sl\u00e5 ett slag f\u00f6r att d\u00f6lja din inblandning.", "history_date": "2016-01-29T21:43:06.241Z", "history_user": 1, "history_type": "~"}}, {"model": "players.historicalactionoption", "pk": 1, "fields": {"id": 1, "count": 4, "history_date": "2016-01-11T12:55:36.080Z", "history_user": 1, "history_type": "+"}}, {"model": "players.historicalactionoption", "pk": 2, "fields": {"id": 2, "count": 1, "history_date": "2016-01-11T12:55:51.394Z", "history_user": 1, "history_type": "+"}}, {"model": "players.historicalactionoption", "pk": 3, "fields": {"id": 3, "count": 1, "history_date": "2016-01-11T12:55:59.554Z", "history_user": 1, "history_type": "+"}}, {"model": "players.historicalactionoption", "pk": 4, "fields": {"id": 4, "count": 1, "history_date": "2016-01-11T12:56:03.020Z", "history_user": 1, "history_type": "+"}}, {"model": "players.historicalactionoption", "pk": 5, "fields": {"id": 5, "count": 1, "history_date": "2016-01-11T12:56:09.239Z", "history_user": 1, "history_type": "+"}}, {"model": "players.historicalactionoption", "pk": 6, "fields": {"id": 6, "count": 1, "history_date": "2016-01-11T13:17:17.975Z", "history_user": 1, "history_type": "+"}}, {"model": "players.historicalactionoption", "pk": 7, "fields": {"id": 7, "count": 1, "history_date": "2016-01-11T13:17:44.605Z", "history_user": 1, "history_type": "+"}}, {"model": "players.historicalactionoption", "pk": 8, "fields": {"id": 8, "count": 1, "history_date": "2016-01-11T13:19:24.328Z", "history_user": 1, "history_type": "+"}}, {"model": "players.historicalactionoption", "pk": 9, "fields": {"id": 9, "count": 1, "history_date": "2016-01-11T13:19:55.698Z", "history_user": 1, "history_type": "+"}}, {"model": "players.historicalactionoption", "pk": 10, "fields": {"id": 10, "count": 1, "history_date": "2016-01-11T13:20:43.964Z", "history_user": 1, "history_type": "+"}}, {"model": "players.historicalactionoption", "pk": 11, "fields": {"id": 11, "count": 3, "history_date": "2016-01-11T13:24:23.133Z", "history_user": 1, "history_type": "+"}}, {"model": "players.historicalactionoption", "pk": 12, "fields": {"id": 12, "count": 1, "history_date": "2016-01-11T13:26:48.804Z", "history_user": 1, "history_type": "+"}}, {"model": "players.historicalactionoption", "pk": 13, "fields": {"id": 13, "count": 1, "history_date": "2016-01-11T13:26:58.243Z", "history_user": 1, "history_type": "+"}}, {"model": "players.historicalinfluence", "pk": 1, "fields": {"id": 1, "name": "Politik", "history_date": "2016-02-04T11:29:46.078Z", "history_user": 1, "history_type": "+"}}, {"model": "players.historicalinfluence", "pk": 2, "fields": {"id": 2, "name": "Lag & Ordning", "history_date": "2016-02-17T13:13:27.840Z", "history_user": 1, "history_type": "+"}}, {"model": "players.historicalinfluence", "pk": 3, "fields": {"id": 3, "name": "Religion & Ockult", "history_date": "2016-02-17T13:13:32.996Z", "history_user": 1, "history_type": "+"}}, {"model": "players.historicalinfluence", "pk": 4, "fields": {"id": 4, "name": "Turism", "history_date": "2016-02-17T13:13:39.994Z", "history_user": 1, "history_type": "+"}}, {"model": "players.historicalpopulation", "pk": 1, "fields": {"id": 1, "name": "Balett", "history_date": "2016-01-11T22:48:55.278Z", "history_user": 1, "history_type": "+"}}, {"model": "players.historicalpopulation", "pk": 2, "fields": {"id": 2, "name": "Lol", "history_date": "2016-01-11T22:49:26.916Z", "history_user": 1, "history_type": "+"}}, {"model": "players.historicalpopulation", "pk": 3, "fields": {"id": 3, "name": "Aint nobody live here", "history_date": "2016-01-11T22:50:00.680Z", "history_user": 1, "history_type": "+"}}, {"model": "players.historicalpopulation", "pk": 4, "fields": {"id": 4, "name": "\u00d6verklass", "history_date": "2016-01-31T18:22:01.531Z", "history_user": 1, "history_type": "+"}}, {"model": "players.historicalpopulation", "pk": 5, "fields": {"id": 5, "name": "Underklass", "history_date": "2016-01-31T18:22:07.219Z", "history_user": 1, "history_type": "+"}}, {"model": "players.historicalpopulation", "pk": 6, "fields": {"id": 6, "name": "Kulturella", "history_date": "2016-01-31T18:22:12.838Z", "history_user": 1, "history_type": "+"}}, {"model": "players.historicalpopulation", "pk": 7, "fields": {"id": 7, "name": "Tumbleweed", "history_date": "2016-01-31T18:23:08.358Z", "history_user": 1, "history_type": "+"}}, {"model": "players.historicaldiscipline", "pk": 1, "fields": {"id": 1, "name": "Auspex", "history_date": "2016-01-11T12:45:29.073Z", "history_user": 1, "history_type": "+"}}, {"model": "players.historicaldiscipline", "pk": 2, "fields": {"id": 2, "name": "Animalism", "history_date": "2016-01-11T12:45:36.608Z", "history_user": 1, "history_type": "+"}}, {"model": "players.historicaldiscipline", "pk": 3, "fields": {"id": 3, "name": "Celerity", "history_date": "2016-01-11T12:45:41.584Z", "history_user": 1, "history_type": "+"}}, {"model": "players.historicaldiscipline", "pk": 4, "fields": {"id": 4, "name": "Demenation", "history_date": "2016-01-11T12:45:47.061Z", "history_user": 1, "history_type": "+"}}, {"model": "players.historicaldiscipline", "pk": 5, "fields": {"id": 5, "name": "Dominate", "history_date": "2016-01-11T12:45:50.408Z", "history_user": 1, "history_type": "+"}}, {"model": "players.historicaldiscipline", "pk": 6, "fields": {"id": 6, "name": "Fortitude", "history_date": "2016-01-11T12:46:01.163Z", "history_user": 1, "history_type": "+"}}, {"model": "players.historicaldiscipline", "pk": 7, "fields": {"id": 7, "name": "Obfuscate", "history_date": "2016-01-11T12:46:08.245Z", "history_user": 1, "history_type": "+"}}, {"model": "players.historicaldiscipline", "pk": 8, "fields": {"id": 8, "name": "Potence", "history_date": "2016-01-11T12:46:11.685Z", "history_user": 1, "history_type": "+"}}, {"model": "players.historicaldiscipline", "pk": 9, "fields": {"id": 9, "name": "Presence", "history_date": "2016-01-11T12:46:15.334Z", "history_user": 1, "history_type": "+"}}, {"model": "players.historicaldiscipline", "pk": 10, "fields": {"id": 10, "name": "Protean", "history_date": "2016-01-11T12:46:19.039Z", "history_user": 1, "history_type": "+"}}, {"model": "players.historicaldiscipline", "pk": 11, "fields": {"id": 11, "name": "Thaumaturgy", "history_date": "2016-01-11T12:46:41.813Z", "history_user": 1, "history_type": "+"}}, {"model": "players.historicaltitle", "pk": 1, "fields": {"id": 1, "name": "Furste", "history_date": "2016-01-11T13:17:23.315Z", "history_user": 1, "history_type": "+"}}, {"model": "players.historicaltitle", "pk": 2, "fields": {"id": 2, "name": "Seneskalk", "history_date": "2016-01-11T13:18:00.273Z", "history_user": 1, "history_type": "+"}}, {"model": "players.historicaltitle", "pk": 3, "fields": {"id": 3, "name": "Lagman", "history_date": "2016-01-11T13:19:59.876Z", "history_user": 1, "history_type": "+"}}, {"model": "players.historicaltitle", "pk": 4, "fields": {"id": 4, "name": "Fiskal", "history_date": "2016-01-11T13:20:46.601Z", "history_user": 1, "history_type": "+"}}, {"model": "players.historicaltitle", "pk": 5, "fields": {"id": 5, "name": "J\u00e4gare", "history_date": "2016-01-11T13:22:55.392Z", "history_user": 1, "history_type": "+"}}, {"model": "players.historicaltitle", "pk": 6, "fields": {"id": 6, "name": "Harpya", "history_date": "2016-01-11T13:23:01.276Z", "history_user": 1, "history_type": "+"}}, {"model": "players.historicaltitle", "pk": 7, "fields": {"id": 7, "name": "Elysiem\u00e4stare", "history_date": "2016-01-11T13:24:27.238Z", "history_user": 1, "history_type": "+"}}, {"model": "players.historicaltitle", "pk": 8, "fields": {"id": 8, "name": "Dom\u00e4n\u00e4gare", "history_date": "2016-01-11T13:24:52.298Z", "history_user": 1, "history_type": "+"}}, {"model": "players.historicaltitle", "pk": 9, "fields": {"id": 9, "name": "Primogen", "history_date": "2016-01-11T13:27:02.129Z", "history_user": 1, "history_type": "+"}}, {"model": "players.historicaltitle", "pk": 10, "fields": {"id": 3, "name": "Sheriff", "history_date": "2016-01-31T18:13:25.095Z", "history_user": 1, "history_type": "~"}}, {"model": "players.historicalage", "pk": 1, "fields": {"id": 1, "name": "Novis", "history_date": "2016-01-11T12:56:41.132Z", "history_user": 1, "history_type": "+"}}, {"model": "players.historicalage", "pk": 2, "fields": {"id": 2, "name": "Neonat", "history_date": "2016-01-11T12:56:52.003Z", "history_user": 1, "history_type": "+"}}, {"model": "players.historicalage", "pk": 3, "fields": {"id": 3, "name": "Ancilla", "history_date": "2016-01-11T12:57:05.304Z", "history_user": 1, "history_type": "+"}}, {"model": "players.historicalage", "pk": 4, "fields": {"id": 4, "name": "\u00c4ldste", "history_date": "2016-01-11T12:57:15.518Z", "history_user": 1, "history_type": "+"}}, {"model": "players.historicalclan", "pk": 1, "fields": {"id": 1, "name": "Brujah", "history_date": "2016-01-11T12:43:21.442Z", "history_user": 1, "history_type": "+"}}, {"model": "players.historicalclan", "pk": 2, "fields": {"id": 2, "name": "Gangrel", "history_date": "2016-01-11T12:43:26.786Z", "history_user": 1, "history_type": "+"}}, {"model": "players.historicalclan", "pk": 3, "fields": {"id": 3, "name": "Nosferatu", "history_date": "2016-01-11T12:43:30.363Z", "history_user": 1, "history_type": "+"}}, {"model": "players.historicalclan", "pk": 4, "fields": {"id": 4, "name": "Malkavian", "history_date": "2016-01-11T12:43:34.829Z", "history_user": 1, "history_type": "+"}}, {"model": "players.historicalclan", "pk": 5, "fields": {"id": 5, "name": "Caitiff", "history_date": "2016-01-11T12:43:55.527Z", "history_user": 1, "history_type": "+"}}, {"model": "players.historicalclan", "pk": 6, "fields": {"id": 6, "name": "Toreador", "history_date": "2016-01-11T12:44:03.674Z", "history_user": 1, "history_type": "+"}}, {"model": "players.historicalclan", "pk": 7, "fields": {"id": 7, "name": "Tremere", "history_date": "2016-01-11T12:44:06.728Z", "history_user": 1, "history_type": "+"}}, {"model": "players.historicalclan", "pk": 8, "fields": {"id": 8, "name": "Ventrue", "history_date": "2016-01-11T12:44:10.687Z", "history_user": 1, "history_type": "+"}}, {"model": "players.historicalcharacter", "pk": 1, "fields": {"id": 1, "name": "Oratzio", "resources": 5, "user": null, "age": null, "clan": null, "history_date": "2016-01-11T21:19:21.984Z", "history_user": 1, "history_type": "+"}}, {"model": "players.historicalcharacter", "pk": 2, "fields": {"id": 2, "name": "Isra", "resources": 5, "user": null, "age": null, "clan": null, "history_date": "2016-01-11T21:19:57.417Z", "history_user": 1, "history_type": "+"}}, {"model": "players.historicalcharacter", "pk": 3, "fields": {"id": 2, "name": "Josia", "resources": 5, "user": null, "age": null, "clan": null, "history_date": "2016-01-11T22:45:12.772Z", "history_user": 1, "history_type": "~"}}, {"model": "players.historicalcharacter", "pk": 4, "fields": {"id": 1, "name": "Gino Law", "resources": 5, "user": null, "age": null, "clan": null, "history_date": "2016-01-11T22:45:56.954Z", "history_user": 1, "history_type": "~"}}, {"model": "players.historicalcharacter", "pk": 5, "fields": {"id": 3, "name": "Dominik", "resources": 5, "user": null, "age": null, "clan": null, "history_date": "2016-01-11T22:46:29.275Z", "history_user": 1, "history_type": "+"}}, {"model": "players.historicalcharacter", "pk": 6, "fields": {"id": 4, "name": "Robert Jung", "resources": 5, "user": null, "age": null, "clan": null, "history_date": "2016-01-11T22:47:38.684Z", "history_user": 1, "history_type": "+"}}, {"model": "players.historicalcharacter", "pk": 7, "fields": {"id": 2, "name": "Josia", "resources": 5, "user": null, "age": null, "clan": null, "history_date": "2016-01-11T22:47:48.465Z", "history_user": 1, "history_type": "~"}}, {"model": "players.historicalcharacter", "pk": 8, "fields": {"id": 2, "name": "Josia", "resources": 5, "user": null, "age": null, "clan": null, "history_date": "2016-01-11T22:59:54.177Z", "history_user": 1, "history_type": "~"}}, {"model": "players.historicalcharacter", "pk": 9, "fields": {"id": 3, "name": "Dominik Eisenheim", "resources": 3, "user": null, "age": null, "clan": null, "history_date": "2016-01-31T18:07:00.143Z", "history_user": 1, "history_type": "~"}}, {"model": "players.historicalcharacter", "pk": 10, "fields": {"id": 3, "name": "Dominik Eisenheim", "resources": 3, "user": null, "age": null, "clan": null, "history_date": "2016-01-31T18:07:31.501Z", "history_user": 1, "history_type": "~"}}, {"model": "players.character", "pk": 1, "fields": {"name": "Gino Law", "user": 3, "age": 2, "resources": 5, "clan": 8, "disciplines": [9, 6], "titles": [2, 4, 6]}}, {"model": "players.character", "pk": 2, "fields": {"name": "Josia", "user": 4, "age": 2, "resources": 5, "clan": 6, "disciplines": [1, 9, 5], "titles": [8, 9, 4]}}, {"model": "players.character", "pk": 3, "fields": {"name": "Dominik Eisenheim", "user": 5, "age": 2, "resources": 3, "clan": 6, "disciplines": [1, 9, 3, 7], "titles": [3]}}, {"model": "players.character", "pk": 4, "fields": {"name": "Robert Jung", "user": 6, "age": 3, "resources": 5, "clan": 8, "disciplines": [9, 5, 6], "titles": [8, 1, 6]}}, {"model": "players.historicaldomain", "pk": 1, "fields": {"id": 1, "name": "Racks", "feeding_capacity": 10, "status": "-", "influence": "-", "masquerade": "-", "history_date": "2016-01-11T22:48:58.531Z", "history_user": 1, "history_type": "+"}}, {"model": "players.historicaldomain", "pk": 2, "fields": {"id": 2, "name": "Mask", "feeding_capacity": 8, "status": "-", "influence": "-", "masquerade": "-", "history_date": "2016-01-11T22:49:28.130Z", "history_user": 1, "history_type": "+"}}, {"model": "players.historicaldomain", "pk": 3, "fields": {"id": 3, "name": "Barrens", "feeding_capacity": 0, "status": "-", "influence": "-", "masquerade": "-", "history_date": "2016-01-11T22:50:02.240Z", "history_user": 1, "history_type": "+"}}, {"model": "players.historicaldomain", "pk": 4, "fields": {"id": 3, "name": "Barrens", "feeding_capacity": 0, "status": "-", "influence": "-", "masquerade": "-", "history_date": "2016-01-12T13:43:09.240Z", "history_user": 1, "history_type": "~"}}, {"model": "players.historicaldomain", "pk": 5, "fields": {"id": 2, "name": "Mask", "feeding_capacity": 8, "status": "-", "influence": "-", "masquerade": "-", "history_date": "2016-01-12T13:43:14.884Z", "history_user": 1, "history_type": "~"}}, {"model": "players.historicaldomain", "pk": 6, "fields": {"id": 1, "name": "Racks", "feeding_capacity": 10, "status": "-", "influence": "-", "masquerade": "-", "history_date": "2016-01-12T13:43:19.412Z", "history_user": 1, "history_type": "~"}}, {"model": "players.historicaldomain", "pk": 7, "fields": {"id": 1, "name": "Racks", "feeding_capacity": 20, "status": "-", "influence": "-", "masquerade": "-", "history_date": "2016-01-31T18:22:27.652Z", "history_user": 1, "history_type": "~"}}, {"model": "players.historicaldomain", "pk": 8, "fields": {"id": 2, "name": "Mask", "feeding_capacity": 8, "status": "-", "influence": "-", "masquerade": "-", "history_date": "2016-01-31T18:22:45.707Z", "history_user": 1, "history_type": "-"}}, {"model": "players.historicaldomain", "pk": 9, "fields": {"id": 3, "name": "Barrens", "feeding_capacity": 0, "status": "-", "influence": "-", "masquerade": "-", "history_date": "2016-01-31T18:23:11.888Z", "history_user": 1, "history_type": "~"}}, {"model": "players.historicaldomain", "pk": 10, "fields": {"id": 3, "name": "Barrens", "feeding_capacity": 0, "status": "1", "influence": "1", "masquerade": "Bruten", "history_date": "2016-02-04T11:46:10.840Z", "history_user": 1, "history_type": "~"}}, {"model": "players.historicaldomain", "pk": 11, "fields": {"id": 1, "name": "Racks", "feeding_capacity": 20, "status": "3", "influence": "2", "masquerade": "Normal", "history_date": "2016-02-04T11:46:18.386Z", "history_user": 1, "history_type": "~"}}, {"model": "players.historicalinfluencerating", "pk": 1, "fields": {"id": 1, "rating": 3, "influence": null, "character": null, "history_date": "2016-02-04T11:30:00.697Z", "history_user": 1, "history_type": "+"}}, {"model": "players.historicalinfluencerating", "pk": 2, "fields": {"id": 2, "rating": 1, "influence": 4, "character": 3, "history_date": "2016-02-17T13:16:56.740Z", "history_user": 1, "history_type": "+"}}, {"model": "players.historicalinfluencerating", "pk": 3, "fields": {"id": 3, "rating": 1, "influence": 2, "character": 1, "history_date": "2016-02-17T13:17:04.824Z", "history_user": 1, "history_type": "+"}}, {"model": "players.historicalsession", "pk": 1, "fields": {"id": 1, "name": "Inf\u00f6r session 1", "is_open": false, "history_date": "2016-01-11T13:28:07.225Z", "history_user": 1, "history_type": "+"}}, {"model": "players.historicalsession", "pk": 2, "fields": {"id": 2, "name": "Inf\u00f6r session 2", "is_open": true, "history_date": "2016-01-11T13:28:12.872Z", "history_user": 1, "history_type": "+"}}, {"model": "players.historicalsession", "pk": 3, "fields": {"id": 3, "name": "Inf\u00f6r session 3", "is_open": true, "history_date": "2016-01-11T13:28:15.452Z", "history_user": 1, "history_type": "+"}}, {"model": "players.historicalsession", "pk": 4, "fields": {"id": 4, "name": "Inf\u00f6r session 4", "is_open": true, "history_date": "2016-01-11T13:28:18.788Z", "history_user": 1, "history_type": "+"}}, {"model": "players.historicalsession", "pk": 5, "fields": {"id": 2, "name": "Inf\u00f6r session 2", "is_open": false, "history_date": "2016-01-11T13:28:25.122Z", "history_user": 1, "history_type": "~"}}, {"model": "players.historicalsession", "pk": 6, "fields": {"id": 3, "name": "Inf\u00f6r session 3", "is_open": false, "history_date": "2016-01-11T13:28:28.293Z", "history_user": 1, "history_type": "~"}}, {"model": "players.historicalsession", "pk": 7, "fields": {"id": 4, "name": "Inf\u00f6r session 4", "is_open": false, "history_date": "2016-01-11T13:28:31.843Z", "history_user": 1, "history_type": "~"}}, {"model": "players.historicalsession", "pk": 8, "fields": {"id": 1, "name": "Inf\u00f6r session 1", "is_open": true, "history_date": "2016-01-11T22:50:49.751Z", "history_user": 1, "history_type": "~"}}, {"model": "players.historicalsession", "pk": 9, "fields": {"id": 1, "name": "Inf\u00f6r session 1", "is_open": false, "history_date": "2016-01-11T23:10:31.327Z", "history_user": 2, "history_type": "~"}}, {"model": "players.historicalsession", "pk": 10, "fields": {"id": 2, "name": "Inf\u00f6r session 2", "is_open": true, "history_date": "2016-01-12T13:24:10.697Z", "history_user": 1, "history_type": "~"}}, {"model": "players.historicalsession", "pk": 11, "fields": {"id": 2, "name": "Inf\u00f6r session 2", "is_open": false, "history_date": "2016-01-13T19:18:23.304Z", "history_user": 1, "history_type": "~"}}, {"model": "players.historicalsession", "pk": 12, "fields": {"id": 1, "name": "Inf\u00f6r session 1", "is_open": true, "history_date": "2016-01-13T19:19:22.355Z", "history_user": 1, "history_type": "~"}}, {"model": "players.historicalsession", "pk": 13, "fields": {"id": 1, "name": "Inf\u00f6r session 1", "is_open": false, "history_date": "2016-01-13T19:19:24.130Z", "history_user": 1, "history_type": "~"}}, {"model": "players.historicalsession", "pk": 14, "fields": {"id": 1, "name": "Inf\u00f6r session 1", "is_open": true, "history_date": "2016-01-13T19:19:25.435Z", "history_user": 1, "history_type": "~"}}, {"model": "players.historicalsession", "pk": 15, "fields": {"id": 1, "name": "Inf\u00f6r session 1", "is_open": false, "history_date": "2016-01-15T11:03:26.764Z", "history_user": 2, "history_type": "~"}}, {"model": "players.historicalsession", "pk": 16, "fields": {"id": 1, "name": "Inf\u00f6r session 1", "is_open": true, "history_date": "2016-01-15T12:23:40.665Z", "history_user": 1, "history_type": "~"}}, {"model": "players.historicalsession", "pk": 17, "fields": {"id": 2, "name": "Inf\u00f6r session 2", "is_open": true, "history_date": "2016-01-15T12:23:42.042Z", "history_user": 1, "history_type": "~"}}, {"model": "players.historicalsession", "pk": 18, "fields": {"id": 1, "name": "Inf\u00f6r session 1", "is_open": false, "history_date": "2016-01-15T13:01:07.198Z", "history_user": 7, "history_type": "~"}}, {"model": "players.historicalsession", "pk": 19, "fields": {"id": 1, "name": "Inf\u00f6r session 1", "is_open": true, "history_date": "2016-01-15T13:01:10.290Z", "history_user": 7, "history_type": "~"}}, {"model": "players.historicalsession", "pk": 20, "fields": {"id": 1, "name": "Inf\u00f6r session 1", "is_open": false, "history_date": "2016-01-16T12:57:51.535Z", "history_user": 1, "history_type": "~"}}, {"model": "players.historicalsession", "pk": 21, "fields": {"id": 1, "name": "Inf\u00f6r session 1", "is_open": true, "history_date": "2016-01-31T13:16:55.806Z", "history_user": 1, "history_type": "~"}}, {"model": "players.historicalsession", "pk": 22, "fields": {"id": 2, "name": "Inf\u00f6r session 2", "is_open": false, "history_date": "2016-01-31T13:16:57.134Z", "history_user": 1, "history_type": "~"}}, {"model": "players.historicalsession", "pk": 23, "fields": {"id": 1, "name": "Inf\u00f6r session 1", "is_open": false, "history_date": "2016-01-31T18:02:13.384Z", "history_user": 1, "history_type": "~"}}, {"model": "players.historicalsession", "pk": 24, "fields": {"id": 1, "name": "Inf\u00f6r session 1", "is_open": true, "history_date": "2016-01-31T18:05:55.501Z", "history_user": 1, "history_type": "~"}}, {"model": "players.historicalsession", "pk": 25, "fields": {"id": 1, "name": "Inf\u00f6r session 1", "is_open": false, "history_date": "2016-02-04T18:10:55.509Z", "history_user": 1, "history_type": "~"}}, {"model": "players.historicalsession", "pk": 26, "fields": {"id": 1, "name": "Inf\u00f6r session 1", "is_open": true, "history_date": "2016-02-04T18:14:24.216Z", "history_user": 1, "history_type": "~"}}, {"model": "players.historicalsession", "pk": 27, "fields": {"id": 1, "name": "Inf\u00f6r session 1", "is_open": false, "history_date": "2016-02-04T18:14:25.578Z", "history_user": 1, "history_type": "~"}}, {"model": "players.historicalsession", "pk": 28, "fields": {"id": 1, "name": "Inf\u00f6r session 1", "is_open": true, "history_date": "2016-02-04T18:25:48.762Z", "history_user": 1, "history_type": "~"}}, {"model": "players.historicalsession", "pk": 29, "fields": {"id": 1, "name": "Inf\u00f6r session 1", "is_open": false, "history_date": "2016-02-08T12:21:17.781Z", "history_user": 1, "history_type": "~"}}, {"model": "players.historicalsession", "pk": 30, "fields": {"id": 3, "name": "Inf\u00f6r session 3", "is_open": true, "history_date": "2016-02-16T15:26:48.940Z", "history_user": 1, "history_type": "~"}}, {"model": "players.historicalaction", "pk": 1, "fields": {"id": 1, "description": "Varf\u00f6r fick den d\u00e4r l\u00e4raren sparken fr\u00e5n universitetet? ", "resolved": "false", "action_type": null, "character": null, "session": null, "history_date": "2016-01-11T23:02:47.163Z", "history_user": 4, "history_type": "+"}}, {"model": "players.historicalaction", "pk": 2, "fields": {"id": 2, "description": "Vad g\u00f6r min sooooooon? :( (p\u00e5 Dominique) ", "resolved": "false", "action_type": null, "character": null, "session": null, "history_date": "2016-01-11T23:02:47.175Z", "history_user": 4, "history_type": "+"}}, {"model": "players.historicalaction", "pk": 3, "fields": {"id": 2, "description": "Vad g\u00f6r min sooooooon? :( (p\u00e5 Dominique) ", "resolved": "false", "action_type": null, "character": null, "session": null, "history_date": "2016-01-11T23:04:09.385Z", "history_user": 4, "history_type": "-"}}, {"model": "players.historicalaction", "pk": 4, "fields": {"id": 1, "description": "Varf\u00f6r fick den d\u00e4r l\u00e4raren sparken fr\u00e5n universitetet? ", "resolved": "false", "action_type": null, "character": null, "session": null, "history_date": "2016-01-11T23:04:09.389Z", "history_user": 4, "history_type": "-"}}, {"model": "players.historicalaction", "pk": 5, "fields": {"id": 3, "description": "Vilken avkomma d\u00f6ljer Jung. Jag vill f\u00e5 bevis. Also auspex 2 eller n\u00e5got.", "resolved": "false", "action_type": null, "character": null, "session": null, "history_date": "2016-01-11T23:04:39.463Z", "history_user": 5, "history_type": "+"}}, {"model": "players.historicalaction", "pk": 6, "fields": {"id": 4, "description": "Jungs inflytande.", "resolved": "false", "action_type": null, "character": null, "session": null, "history_date": "2016-01-11T23:04:39.471Z", "history_user": 5, "history_type": "+"}}, {"model": "players.historicalaction", "pk": 7, "fields": {"id": 4, "description": "Jungs inflytande.", "resolved": "false", "action_type": null, "character": null, "session": null, "history_date": "2016-01-11T23:04:45.315Z", "history_user": 5, "history_type": "-"}}, {"model": "players.historicalaction", "pk": 8, "fields": {"id": 3, "description": "Vilken avkomma d\u00f6ljer Jung. Jag vill f\u00e5 bevis. Also auspex 2 eller n\u00e5got.", "resolved": "false", "action_type": null, "character": null, "session": null, "history_date": "2016-01-11T23:04:45.323Z", "history_user": 5, "history_type": "-"}}, {"model": "players.historicalaction", "pk": 9, "fields": {"id": 5, "description": "Investigate Erik.", "resolved": "false", "action_type": null, "character": null, "session": null, "history_date": "2016-01-11T23:05:16.413Z", "history_user": 3, "history_type": "+"}}, {"model": "players.historicalaction", "pk": 10, "fields": {"id": 6, "description": "Investigate Hanna.", "resolved": "false", "action_type": null, "character": null, "session": null, "history_date": "2016-01-11T23:05:16.418Z", "history_user": 3, "history_type": "+"}}, {"model": "players.historicalaction", "pk": 11, "fields": {"id": 7, "description": "Varf\u00f6r fick den d\u00e4r l\u00e4raren sparken?", "resolved": "false", "action_type": null, "character": null, "session": null, "history_date": "2016-01-11T23:05:27.810Z", "history_user": 4, "history_type": "+"}}, {"model": "players.historicalaction", "pk": 12, "fields": {"id": 8, "description": "Vad fan h\u00e4nder h\u00e4r?", "resolved": "false", "action_type": null, "character": null, "session": null, "history_date": "2016-01-11T23:05:27.816Z", "history_user": 4, "history_type": "+"}}, {"model": "players.historicalaction", "pk": 13, "fields": {"id": 9, "description": "Unders\u00f6ka Jungs hemliga avkomma.", "resolved": "false", "action_type": null, "character": null, "session": null, "history_date": "2016-01-11T23:08:02.844Z", "history_user": 5, "history_type": "+"}}, {"model": "players.historicalaction", "pk": 14, "fields": {"id": 10, "description": "Jungs inflyande.", "resolved": "false", "action_type": null, "character": null, "session": null, "history_date": "2016-01-11T23:08:02.850Z", "history_user": 5, "history_type": "+"}}, {"model": "players.historicalaction", "pk": 15, "fields": {"id": 11, "description": "Dominik", "resolved": "false", "action_type": null, "character": null, "session": null, "history_date": "2016-01-11T23:09:33.494Z", "history_user": 6, "history_type": "+"}}, {"model": "players.historicalaction", "pk": 16, "fields": {"id": 12, "description": "University", "resolved": "false", "action_type": null, "character": null, "session": null, "history_date": "2016-01-11T23:09:33.500Z", "history_user": 6, "history_type": "+"}}, {"model": "players.historicalaction", "pk": 17, "fields": {"id": 5, "description": "Investigate Erik.", "resolved": "true", "action_type": null, "character": null, "session": null, "history_date": "2016-01-11T23:13:39.200Z", "history_user": 2, "history_type": "~"}}, {"model": "players.historicalaction", "pk": 18, "fields": {"id": 6, "description": "Investigate Hanna.\r\n\r\n", "resolved": "true", "action_type": null, "character": null, "session": null, "history_date": "2016-01-11T23:14:51.976Z", "history_user": 2, "history_type": "~"}}, {"model": "players.historicalaction", "pk": 19, "fields": {"id": 7, "description": "Varf\u00f6r fick den d\u00e4r l\u00e4raren sparken?", "resolved": "true", "action_type": null, "character": null, "session": null, "history_date": "2016-01-11T23:16:58.879Z", "history_user": 2, "history_type": "~"}}, {"model": "players.historicalaction", "pk": 20, "fields": {"id": 8, "description": "Vad fan h\u00e4nder h\u00e4r?", "resolved": "true", "action_type": null, "character": null, "session": null, "history_date": "2016-01-11T23:17:25.253Z", "history_user": 2, "history_type": "~"}}, {"model": "players.historicalaction", "pk": 21, "fields": {"id": 9, "description": "Unders\u00f6ka Jungs hemliga avkomma.", "resolved": "true", "action_type": null, "character": null, "session": null, "history_date": "2016-01-11T23:21:26.197Z", "history_user": 2, "history_type": "~"}}, {"model": "players.historicalaction", "pk": 22, "fields": {"id": 10, "description": "Jungs inflyande.", "resolved": "true", "action_type": null, "character": null, "session": null, "history_date": "2016-01-11T23:21:37.398Z", "history_user": 2, "history_type": "~"}}, {"model": "players.historicalaction", "pk": 23, "fields": {"id": 11, "description": "Dominik", "resolved": "true", "action_type": null, "character": null, "session": null, "history_date": "2016-01-11T23:24:41.665Z", "history_user": 2, "history_type": "~"}}, {"model": "players.historicalaction", "pk": 24, "fields": {"id": 12, "description": "University", "resolved": "true", "action_type": null, "character": null, "session": null, "history_date": "2016-01-11T23:24:46.118Z", "history_user": 2, "history_type": "~"}}, {"model": "players.historicalaction", "pk": 25, "fields": {"id": 6, "description": "Investigate Hanna.\r\n\r\n", "resolved": "UNRESOLVED", "action_type": null, "character": null, "session": null, "history_date": "2016-01-13T19:19:35.005Z", "history_user": 1, "history_type": "~"}}, {"model": "players.historicalaction", "pk": 26, "fields": {"id": 12, "description": "University", "resolved": "PENDING", "action_type": null, "character": null, "session": null, "history_date": "2016-01-13T19:19:41.475Z", "history_user": 1, "history_type": "~"}}, {"model": "players.historicalaction", "pk": 27, "fields": {"id": 11, "description": "Dominik", "resolved": "UNRESOLVED", "action_type": null, "character": null, "session": null, "history_date": "2016-01-13T19:33:13.777Z", "history_user": 1, "history_type": "~"}}, {"model": "players.historicalaction", "pk": 28, "fields": {"id": 10, "description": "Jungs inflyande.", "resolved": "UNRESOLVED", "action_type": null, "character": null, "session": null, "history_date": "2016-01-13T19:33:18.917Z", "history_user": 1, "history_type": "~"}}, {"model": "players.historicalaction", "pk": 29, "fields": {"id": 9, "description": "Unders\u00f6ka Jungs hemliga avkomma.", "resolved": "UNRESOLVED", "action_type": null, "character": null, "session": null, "history_date": "2016-01-13T19:33:22.978Z", "history_user": 1, "history_type": "~"}}, {"model": "players.historicalaction", "pk": 30, "fields": {"id": 8, "description": "Vad fan h\u00e4nder h\u00e4r?", "resolved": "UNRESOLVED", "action_type": null, "character": null, "session": null, "history_date": "2016-01-13T19:33:27.124Z", "history_user": 1, "history_type": "~"}}, {"model": "players.historicalaction", "pk": 31, "fields": {"id": 7, "description": "Varf\u00f6r fick den d\u00e4r l\u00e4raren sparken?", "resolved": "UNRESOLVED", "action_type": null, "character": null, "session": null, "history_date": "2016-01-13T19:33:30.813Z", "history_user": 1, "history_type": "~"}}, {"model": "players.historicalaction", "pk": 32, "fields": {"id": 5, "description": "Investigate Erik.", "resolved": "UNRESOLVED", "action_type": null, "character": null, "session": null, "history_date": "2016-01-13T19:33:35.200Z", "history_user": 1, "history_type": "~"}}, {"model": "players.historicalaction", "pk": 33, "fields": {"id": 9, "description": "Unders\u00f6ka Jungs hemliga avkomma.", "resolved": "PENDING", "action_type": null, "character": null, "session": null, "history_date": "2016-01-14T13:48:30.729Z", "history_user": 1, "history_type": "~"}}, {"model": "players.historicalaction", "pk": 34, "fields": {"id": 10, "description": "Jungs inflyande.", "resolved": "RESOLVED", "action_type": null, "character": null, "session": null, "history_date": "2016-01-14T13:48:35.355Z", "history_user": 1, "history_type": "~"}}, {"model": "players.historicalaction", "pk": 35, "fields": {"id": 10, "description": "Jungs inflyande.", "resolved": "RESOLVED", "action_type": null, "character": null, "session": null, "history_date": "2016-01-14T18:19:04.926Z", "history_user": 5, "history_type": "-"}}, {"model": "players.historicalaction", "pk": 36, "fields": {"id": 9, "description": "Unders\u00f6ka Jungs hemliga avkomma.", "resolved": "PENDING", "action_type": null, "character": null, "session": null, "history_date": "2016-01-14T18:19:04.934Z", "history_user": 5, "history_type": "-"}}, {"model": "players.historicalaction", "pk": 37, "fields": {"id": 13, "description": "Jag f\u00f6rsvarar docks.", "resolved": "UNRESOLVED", "action_type": null, "character": null, "session": null, "history_date": "2016-01-14T19:08:18.022Z", "history_user": 5, "history_type": "+"}}, {"model": "players.historicalaction", "pk": 38, "fields": {"id": 13, "description": "Jag f\u00f6rsvarar docks.", "resolved": "UNRESOLVED", "action_type": null, "character": null, "session": null, "history_date": "2016-01-14T19:09:48.248Z", "history_user": 5, "history_type": "-"}}, {"model": "players.historicalaction", "pk": 39, "fields": {"id": 12, "description": "University", "resolved": "PENDING", "action_type": null, "character": null, "session": null, "history_date": "2016-01-15T10:58:08.626Z", "history_user": 6, "history_type": "-"}}, {"model": "players.historicalaction", "pk": 40, "fields": {"id": 11, "description": "Dominik", "resolved": "UNRESOLVED", "action_type": null, "character": null, "session": null, "history_date": "2016-01-15T10:58:08.629Z", "history_user": 6, "history_type": "-"}}, {"model": "players.historicalaction", "pk": 41, "fields": {"id": 14, "description": "aphpajdfp", "resolved": "UNRESOLVED", "action_type": null, "character": null, "session": null, "history_date": "2016-01-15T11:02:59.744Z", "history_user": 6, "history_type": "+"}}, {"model": "players.historicalaction", "pk": 42, "fields": {"id": 15, "description": "lk\u00f6lamhf", "resolved": "UNRESOLVED", "action_type": null, "character": null, "session": null, "history_date": "2016-01-15T11:02:59.753Z", "history_user": 6, "history_type": "+"}}, {"model": "players.historicalaction", "pk": 43, "fields": {"id": 16, "description": "paiepioha", "resolved": "UNRESOLVED", "action_type": null, "character": null, "session": null, "history_date": "2016-01-15T11:02:59.758Z", "history_user": 6, "history_type": "+"}}, {"model": "players.historicalaction", "pk": 44, "fields": {"id": 17, "description": "ma\u00f6lfmga", "resolved": "UNRESOLVED", "action_type": null, "character": null, "session": null, "history_date": "2016-01-15T11:02:59.764Z", "history_user": 6, "history_type": "+"}}, {"model": "players.historicalaction", "pk": 45, "fields": {"id": 5, "description": "Investigate Erik.", "resolved": "PENDING", "action_type": null, "character": null, "session": null, "history_date": "2016-01-16T10:05:01.858Z", "history_user": 1, "history_type": "~"}}, {"model": "players.historicalaction", "pk": 46, "fields": {"id": 18, "description": "Stj\u00e4lper hampus i sitt investigerande.", "resolved": "UNRESOLVED", "action_type": null, "character": null, "session": null, "history_date": "2016-01-16T12:57:13.041Z", "history_user": 5, "history_type": "+"}}, {"model": "players.historicalaction", "pk": 47, "fields": {"id": 18, "description": "Stj\u00e4lper hampus i sitt investigerande.", "resolved": "PENDING", "action_type": null, "character": null, "session": null, "history_date": "2016-01-16T12:59:30.908Z", "history_user": 1, "history_type": "~"}}, {"model": "players.historicalaction", "pk": 48, "fields": {"id": 18, "description": "Stj\u00e4lper hampus i sitt investigerande.", "resolved": "RESOLVED", "action_type": null, "character": null, "session": null, "history_date": "2016-01-16T13:00:28.176Z", "history_user": 1, "history_type": "~"}}, {"model": "players.historicalaction", "pk": 49, "fields": {"id": 18, "description": "Stj\u00e4lper hampus i sitt investigerande.", "resolved": "RESOLVED", "action_type": null, "character": null, "session": null, "history_date": "2016-01-31T18:20:12.695Z", "history_user": 5, "history_type": "-"}}, {"model": "players.historicalaction", "pk": 50, "fields": {"id": 19, "description": "Jag ska skaffa en ghoul.", "resolved": "UNRESOLVED", "action_type": null, "character": null, "session": null, "history_date": "2016-01-31T18:29:28.060Z", "history_user": 5, "history_type": "+"}}, {"model": "players.historicalaction", "pk": 51, "fields": {"id": 20, "description": "Jag ska skaffa en ghoul (niv\u00e5 2)", "resolved": "UNRESOLVED", "action_type": null, "character": null, "session": null, "history_date": "2016-01-31T18:29:28.065Z", "history_user": 5, "history_type": "+"}}, {"model": "players.historicalaction", "pk": 52, "fields": {"id": 21, "description": "Jag ska skaffa en ghoul niv\u00e5 3.", "resolved": "UNRESOLVED", "action_type": null, "character": null, "session": null, "history_date": "2016-01-31T18:29:28.069Z", "history_user": 5, "history_type": "+"}}, {"model": "players.historicalaction", "pk": 53, "fields": {"id": 22, "description": "Racks.", "resolved": "UNRESOLVED", "action_type": null, "character": null, "session": null, "history_date": "2016-01-31T18:29:28.073Z", "history_user": 5, "history_type": "+"}}, {"model": "players.historicalaction", "pk": 54, "fields": {"id": 22, "description": "Racks.", "resolved": "UNRESOLVED", "action_type": null, "character": null, "session": null, "history_date": "2016-02-04T11:34:17.695Z", "history_user": 5, "history_type": "-"}}, {"model": "players.historicalaction", "pk": 55, "fields": {"id": 21, "description": "Jag ska skaffa en ghoul niv\u00e5 3.", "resolved": "UNRESOLVED", "action_type": null, "character": null, "session": null, "history_date": "2016-02-04T11:34:17.699Z", "history_user": 5, "history_type": "-"}}, {"model": "players.historicalaction", "pk": 56, "fields": {"id": 20, "description": "Jag ska skaffa en ghoul (niv\u00e5 2)", "resolved": "UNRESOLVED", "action_type": null, "character": null, "session": null, "history_date": "2016-02-04T11:34:17.701Z", "history_user": 5, "history_type": "-"}}, {"model": "players.historicalaction", "pk": 57, "fields": {"id": 19, "description": "Jag ska skaffa en ghoul.", "resolved": "UNRESOLVED", "action_type": null, "character": null, "session": null, "history_date": "2016-02-04T11:34:17.702Z", "history_user": 5, "history_type": "-"}}, {"model": "players.historicalaction", "pk": 58, "fields": {"id": 6, "description": "Investigate Hanna.\r\n\r\n", "resolved": "RESOLVED", "action_type": null, "character": null, "session": null, "history_date": "2016-02-04T18:12:51.302Z", "history_user": 1, "history_type": "~"}}, {"model": "players.historicalaction", "pk": 59, "fields": {"id": 23, "description": "Politik", "resolved": "UNRESOLVED", "action_type": null, "character": null, "session": null, "history_date": "2016-02-04T18:30:47.797Z", "history_user": 5, "history_type": "+"}}, {"model": "players.historicalaction", "pk": 60, "fields": {"id": 24, "description": "Racks.", "resolved": "UNRESOLVED", "action_type": null, "character": null, "session": null, "history_date": "2016-02-04T18:30:47.806Z", "history_user": 5, "history_type": "+"}}, {"model": "players.historicalaction", "pk": 61, "fields": {"id": 24, "description": "Racks.", "resolved": "UNRESOLVED", "action_type": null, "character": null, "session": null, "history_date": "2016-02-07T14:17:28.077Z", "history_user": 5, "history_type": "-"}}, {"model": "players.historicalaction", "pk": 62, "fields": {"id": 23, "description": "Politik", "resolved": "UNRESOLVED", "action_type": null, "character": null, "session": null, "history_date": "2016-02-07T14:17:28.082Z", "history_user": 5, "history_type": "-"}}, {"model": "players.historicalaction", "pk": 63, "fields": {"id": 25, "description": "Politik", "resolved": "UNRESOLVED", "action_type": null, "character": null, "session": null, "history_date": "2016-02-08T12:20:46.878Z", "history_user": 5, "history_type": "+"}}, {"model": "players.historicalaction", "pk": 64, "fields": {"id": 26, "description": "Racks", "resolved": "UNRESOLVED", "action_type": null, "character": null, "session": null, "history_date": "2016-02-08T12:20:46.883Z", "history_user": 5, "history_type": "+"}}, {"model": "players.historicalaction", "pk": 65, "fields": {"id": 26, "description": "Racks", "resolved": "RESOLVED", "action_type": null, "character": null, "session": null, "history_date": "2016-02-08T12:21:32.478Z", "history_user": 1, "history_type": "~"}}, {"model": "players.historicalaction", "pk": 66, "fields": {"id": 25, "description": "Politik", "resolved": "PENDING", "action_type": null, "character": null, "session": null, "history_date": "2016-02-08T12:22:00.423Z", "history_user": 1, "history_type": "~"}}, {"model": "players.historicalaction", "pk": 67, "fields": {"id": 15, "description": "lk\u00f6lamhf", "resolved": "PENDING", "action_type": null, "character": null, "session": null, "history_date": "2016-02-16T15:09:54.534Z", "history_user": 1, "history_type": "~"}}, {"model": "players.historicalaction", "pk": 68, "fields": {"id": 27, "description": "sad", "resolved": "UNRESOLVED", "action_type": null, "character": null, "session": null, "history_date": "2016-02-16T15:27:49.294Z", "history_user": 5, "history_type": "+"}}, {"model": "players.historicalaction", "pk": 69, "fields": {"id": 27, "description": "sad", "resolved": "PENDING", "action_type": null, "character": null, "session": null, "history_date": "2016-02-16T15:28:06.780Z", "history_user": 1, "history_type": "~"}}, {"model": "players.historicalaction", "pk": 70, "fields": {"id": 28, "description": "e", "resolved": "UNRESOLVED", "action_type": null, "character": null, "session": null, "history_date": "2016-02-16T15:58:03.384Z", "history_user": 4, "history_type": "+"}}, {"model": "players.historicalaction", "pk": 71, "fields": {"id": 29, "description": "e", "resolved": "UNRESOLVED", "action_type": null, "character": null, "session": null, "history_date": "2016-02-16T15:58:03.388Z", "history_user": 4, "history_type": "+"}}, {"model": "players.historicalaction", "pk": 72, "fields": {"id": 30, "description": "f", "resolved": "UNRESOLVED", "action_type": null, "character": null, "session": null, "history_date": "2016-02-16T15:58:03.391Z", "history_user": 4, "history_type": "+"}}, {"model": "players.historicalaction", "pk": 73, "fields": {"id": 31, "description": "f", "resolved": "UNRESOLVED", "action_type": null, "character": null, "session": null, "history_date": "2016-02-16T15:58:03.394Z", "history_user": 4, "history_type": "+"}}, {"model": "players.historicalaction", "pk": 74, "fields": {"id": 32, "description": "e", "resolved": "UNRESOLVED", "action_type": null, "character": null, "session": null, "history_date": "2016-02-16T15:58:03.398Z", "history_user": 4, "history_type": "+"}}, {"model": "players.historicalaction", "pk": 75, "fields": {"id": 33, "description": "f", "resolved": "UNRESOLVED", "action_type": null, "character": null, "session": null, "history_date": "2016-02-16T15:58:03.401Z", "history_user": 4, "history_type": "+"}}, {"model": "players.historicalaction", "pk": 76, "fields": {"id": 34, "description": "f", "resolved": "UNRESOLVED", "action_type": null, "character": null, "session": null, "history_date": "2016-02-16T15:58:03.404Z", "history_user": 4, "history_type": "+"}}, {"model": "players.historicalaction", "pk": 77, "fields": {"id": 35, "description": "Hoho!", "resolved": "UNRESOLVED", "action_type": null, "character": null, "session": null, "history_date": "2016-02-16T15:58:03.407Z", "history_user": 4, "history_type": "+"}}, {"model": "players.historicalaction", "pk": 78, "fields": {"id": 36, "description": "I can do anything!", "resolved": "UNRESOLVED", "action_type": null, "character": null, "session": null, "history_date": "2016-02-16T15:58:03.412Z", "history_user": 4, "history_type": "+"}}, {"model": "players.historicalaction", "pk": 79, "fields": {"id": 36, "description": "I can do anything!", "resolved": "UNRESOLVED", "action_type": null, "character": null, "session": null, "history_date": "2016-02-16T15:59:46.918Z", "history_user": 4, "history_type": "-"}}, {"model": "players.historicalaction", "pk": 80, "fields": {"id": 35, "description": "Hoho!", "resolved": "UNRESOLVED", "action_type": null, "character": null, "session": null, "history_date": "2016-02-16T15:59:46.921Z", "history_user": 4, "history_type": "-"}}, {"model": "players.historicalaction", "pk": 81, "fields": {"id": 34, "description": "f", "resolved": "UNRESOLVED", "action_type": null, "character": null, "session": null, "history_date": "2016-02-16T15:59:46.922Z", "history_user": 4, "history_type": "-"}}, {"model": "players.historicalaction", "pk": 82, "fields": {"id": 33, "description": "f", "resolved": "UNRESOLVED", "action_type": null, "character": null, "session": null, "history_date": "2016-02-16T15:59:46.924Z", "history_user": 4, "history_type": "-"}}, {"model": "players.historicalaction", "pk": 83, "fields": {"id": 32, "description": "e", "resolved": "UNRESOLVED", "action_type": null, "character": null, "session": null, "history_date": "2016-02-16T15:59:46.925Z", "history_user": 4, "history_type": "-"}}, {"model": "players.historicalaction", "pk": 84, "fields": {"id": 31, "description": "f", "resolved": "UNRESOLVED", "action_type": null, "character": null, "session": null, "history_date": "2016-02-16T15:59:46.926Z", "history_user": 4, "history_type": "-"}}, {"model": "players.historicalaction", "pk": 85, "fields": {"id": 30, "description": "f", "resolved": "UNRESOLVED", "action_type": null, "character": null, "session": null, "history_date": "2016-02-16T15:59:46.927Z", "history_user": 4, "history_type": "-"}}, {"model": "players.historicalaction", "pk": 86, "fields": {"id": 29, "description": "e", "resolved": "UNRESOLVED", "action_type": null, "character": null, "session": null, "history_date": "2016-02-16T15:59:46.930Z", "history_user": 4, "history_type": "-"}}, {"model": "players.historicalaction", "pk": 87, "fields": {"id": 28, "description": "e", "resolved": "UNRESOLVED", "action_type": null, "character": null, "session": null, "history_date": "2016-02-16T15:59:46.932Z", "history_user": 4, "history_type": "-"}}, {"model": "players.historicalfeeding", "pk": 1, "fields": {"id": 1, "feeding_points": 1, "description": "Speed dating!", "resolved": "false", "character": null, "session": null, "domain": null, "discipline": null, "history_date": "2016-01-11T23:02:47.148Z", "history_user": 4, "history_type": "+"}}, {"model": "players.historicalfeeding", "pk": 2, "fields": {"id": 1, "feeding_points": 1, "description": "Speed dating!", "resolved": "false", "character": null, "session": null, "domain": null, "discipline": null, "history_date": "2016-01-11T23:04:09.408Z", "history_user": 4, "history_type": "-"}}, {"model": "players.historicalfeeding", "pk": 3, "fields": {"id": 2, "feeding_points": 5, "description": "Charma folk p\u00e5 fester.", "resolved": "false", "character": null, "session": null, "domain": null, "discipline": null, "history_date": "2016-01-11T23:04:39.454Z", "history_user": 5, "history_type": "+"}}, {"model": "players.historicalfeeding", "pk": 4, "fields": {"id": 2, "feeding_points": 5, "description": "Charma folk p\u00e5 fester.", "resolved": "false", "character": null, "session": null, "domain": null, "discipline": null, "history_date": "2016-01-11T23:04:45.350Z", "history_user": 5, "history_type": "-"}}, {"model": "players.historicalfeeding", "pk": 5, "fields": {"id": 3, "feeding_points": 5, "description": "H\u00e4nger p\u00e5 klubbar, bjuder p\u00e5 mycket drinkar. (Rik)", "resolved": "false", "character": null, "session": null, "domain": null, "discipline": null, "history_date": "2016-01-11T23:05:16.397Z", "history_user": 3, "history_type": "+"}}, {"model": "players.historicalfeeding", "pk": 6, "fields": {"id": 4, "feeding_points": 1, "description": "Speedway dating!", "resolved": "false", "character": null, "session": null, "domain": null, "discipline": null, "history_date": "2016-01-11T23:05:27.803Z", "history_user": 4, "history_type": "+"}}, {"model": "players.historicalfeeding", "pk": 7, "fields": {"id": 5, "feeding_points": 6, "description": "Leta upp smuts p\u00e5 folk och utpressa dem f\u00f6r blod.", "resolved": "false", "character": null, "session": null, "domain": null, "discipline": null, "history_date": "2016-01-11T23:08:02.837Z", "history_user": 5, "history_type": "+"}}, {"model": "players.historicalfeeding", "pk": 8, "fields": {"id": 6, "feeding_points": 5, "description": "Jag \u00e4r cool", "resolved": "false", "character": null, "session": null, "domain": null, "discipline": null, "history_date": "2016-01-11T23:09:33.483Z", "history_user": 6, "history_type": "+"}}, {"model": "players.historicalfeeding", "pk": 9, "fields": {"id": 4, "feeding_points": 8, "description": "Speedway dating!", "resolved": "true", "character": null, "session": null, "domain": null, "discipline": null, "history_date": "2016-01-11T23:26:51.775Z", "history_user": 2, "history_type": "~"}}, {"model": "players.historicalfeeding", "pk": 10, "fields": {"id": 7, "feeding_points": 10, "description": "Meh", "resolved": "false", "character": null, "session": null, "domain": null, "discipline": null, "history_date": "2016-01-12T14:08:37.916Z", "history_user": 3, "history_type": "+"}}, {"model": "players.historicalfeeding", "pk": 11, "fields": {"id": 8, "feeding_points": 10, "description": "Meh.", "resolved": "false", "character": null, "session": null, "domain": null, "discipline": null, "history_date": "2016-01-12T14:08:37.921Z", "history_user": 3, "history_type": "+"}}, {"model": "players.historicalfeeding", "pk": 12, "fields": {"id": 9, "feeding_points": 20, "description": "Meh.", "resolved": "false", "character": null, "session": null, "domain": null, "discipline": null, "history_date": "2016-01-12T14:08:37.925Z", "history_user": 3, "history_type": "+"}}, {"model": "players.historicalfeeding", "pk": 13, "fields": {"id": 10, "feeding_points": 3, "description": "<script>alert('hej');</script>", "resolved": "false", "character": null, "session": null, "domain": null, "discipline": null, "history_date": "2016-01-13T12:51:34.767Z", "history_user": 5, "history_type": "+"}}, {"model": "players.historicalfeeding", "pk": 14, "fields": {"id": 10, "feeding_points": 3, "description": "<script>alert('hej');</script>", "resolved": "false", "character": null, "session": null, "domain": null, "discipline": null, "history_date": "2016-01-13T18:58:28.265Z", "history_user": 5, "history_type": "-"}}, {"model": "players.historicalfeeding", "pk": 15, "fields": {"id": 5, "feeding_points": 6, "description": "Leta upp smuts p\u00e5 folk och utpressa dem f\u00f6r blod.", "resolved": "false", "character": null, "session": null, "domain": null, "discipline": null, "history_date": "2016-01-14T18:19:04.950Z", "history_user": 5, "history_type": "-"}}, {"model": "players.historicalfeeding", "pk": 16, "fields": {"id": 11, "feeding_points": 5, "description": "HEJ", "resolved": "UNRESOLVED", "character": null, "session": null, "domain": null, "discipline": null, "history_date": "2016-01-14T19:08:18.006Z", "history_user": 5, "history_type": "+"}}, {"model": "players.historicalfeeding", "pk": 17, "fields": {"id": 11, "feeding_points": 5, "description": "HEJ", "resolved": "UNRESOLVED", "character": null, "session": null, "domain": null, "discipline": null, "history_date": "2016-01-14T19:09:48.268Z", "history_user": 5, "history_type": "-"}}, {"model": "players.historicalfeeding", "pk": 18, "fields": {"id": 6, "feeding_points": 5, "description": "Jag \u00e4r cool", "resolved": "false", "character": null, "session": null, "domain": null, "discipline": null, "history_date": "2016-01-15T10:58:08.640Z", "history_user": 6, "history_type": "-"}}, {"model": "players.historicalfeeding", "pk": 19, "fields": {"id": 12, "feeding_points": 8, "description": "Jag dricker deras blod.\r\n\r\nJag DRICKER UPP DET!!!!!", "resolved": "UNRESOLVED", "character": null, "session": null, "domain": null, "discipline": null, "history_date": "2016-01-15T11:02:59.721Z", "history_user": 6, "history_type": "+"}}, {"model": "players.historicalfeeding", "pk": 20, "fields": {"id": 9, "feeding_points": 20, "description": "Meh.", "resolved": "false", "character": null, "session": null, "domain": null, "discipline": null, "history_date": "2016-01-15T12:24:33.616Z", "history_user": 3, "history_type": "-"}}, {"model": "players.historicalfeeding", "pk": 21, "fields": {"id": 8, "feeding_points": 10, "description": "Meh.", "resolved": "false", "character": null, "session": null, "domain": null, "discipline": null, "history_date": "2016-01-15T12:24:33.618Z", "history_user": 3, "history_type": "-"}}, {"model": "players.historicalfeeding", "pk": 22, "fields": {"id": 7, "feeding_points": 10, "description": "Meh", "resolved": "false", "character": null, "session": null, "domain": null, "discipline": null, "history_date": "2016-01-15T12:24:33.621Z", "history_user": 3, "history_type": "-"}}, {"model": "players.historicalfeeding", "pk": 23, "fields": {"id": 13, "feeding_points": 5, "description": "das", "resolved": "UNRESOLVED", "character": null, "session": null, "domain": null, "discipline": null, "history_date": "2016-01-16T12:57:13.023Z", "history_user": 5, "history_type": "+"}}, {"model": "players.historicalfeeding", "pk": 24, "fields": {"id": 13, "feeding_points": 5, "description": "das", "resolved": "RESOLVED", "character": null, "session": null, "domain": null, "discipline": null, "history_date": "2016-01-16T13:00:39.067Z", "history_user": 1, "history_type": "~"}}, {"model": "players.historicalfeeding", "pk": 25, "fields": {"id": 13, "feeding_points": 5, "description": "das", "resolved": "RESOLVED", "character": null, "session": null, "domain": null, "discipline": null, "history_date": "2016-01-31T18:20:12.713Z", "history_user": 5, "history_type": "-"}}, {"model": "players.historicalfeeding", "pk": 26, "fields": {"id": 4, "feeding_points": 8, "description": "Speedway dating!", "resolved": "true", "character": null, "session": null, "domain": null, "discipline": null, "history_date": "2016-01-31T18:22:45.704Z", "history_user": 1, "history_type": "-"}}, {"model": "players.historicalfeeding", "pk": 27, "fields": {"id": 14, "feeding_points": 5, "description": "Jag letar upp ledsna m\u00e4nniskor som \u00e4r ensamma och feedar p\u00e5 dem.", "resolved": "UNRESOLVED", "character": null, "session": null, "domain": null, "discipline": null, "history_date": "2016-01-31T18:29:28.052Z", "history_user": 5, "history_type": "+"}}, {"model": "players.historicalfeeding", "pk": 28, "fields": {"id": 14, "feeding_points": 5, "description": "Jag letar upp ledsna m\u00e4nniskor som \u00e4r ensamma och feedar p\u00e5 dem.", "resolved": "UNRESOLVED", "character": null, "session": null, "domain": null, "discipline": null, "history_date": "2016-02-04T11:34:17.718Z", "history_user": 5, "history_type": "-"}}, {"model": "players.historicalfeeding", "pk": 29, "fields": {"id": 15, "feeding_points": 5, "description": "Lurar till sig folk med presence.", "resolved": "UNRESOLVED", "character": null, "session": null, "domain": null, "discipline": null, "history_date": "2016-02-04T18:30:47.774Z", "history_user": 5, "history_type": "+"}}, {"model": "players.historicalfeeding", "pk": 30, "fields": {"id": 16, "feeding_points": 2, "description": "Folk som sover.", "resolved": "UNRESOLVED", "character": null, "session": null, "domain": null, "discipline": null, "history_date": "2016-02-04T18:30:47.781Z", "history_user": 5, "history_type": "+"}}, {"model": "players.historicalfeeding", "pk": 31, "fields": {"id": 16, "feeding_points": 2, "description": "Folk som sover.", "resolved": "UNRESOLVED", "character": null, "session": null, "domain": null, "discipline": null, "history_date": "2016-02-07T14:17:28.101Z", "history_user": 5, "history_type": "-"}}, {"model": "players.historicalfeeding", "pk": 32, "fields": {"id": 15, "feeding_points": 5, "description": "Lurar till sig folk med presence.", "resolved": "UNRESOLVED", "character": null, "session": null, "domain": null, "discipline": null, "history_date": "2016-02-07T14:17:28.105Z", "history_user": 5, "history_type": "-"}}, {"model": "players.historicalfeeding", "pk": 33, "fields": {"id": 17, "feeding_points": 5, "description": "Jag dricker riktigt snabbt!", "resolved": "UNRESOLVED", "character": null, "session": null, "domain": null, "discipline": null, "history_date": "2016-02-08T12:20:46.868Z", "history_user": 5, "history_type": "+"}}, {"model": "players.historicalfeeding", "pk": 34, "fields": {"id": 18, "feeding_points": 4, "description": "Stirrar intensivt tills de ger mig sitt blod f\u00f6r att jag ska sluta.\r\n\r\nAnv\u00e4nder mina 4FP p\u00e5 discipliner.", "resolved": "UNRESOLVED", "character": null, "session": null, "domain": null, "discipline": null, "history_date": "2016-02-08T12:20:46.873Z", "history_user": 5, "history_type": "+"}}, {"model": "players.historicalfeeding", "pk": 35, "fields": {"id": 18, "feeding_points": 4, "description": "Stirrar intensivt tills de ger mig sitt blod f\u00f6r att jag ska sluta.\r\n\r\nAnv\u00e4nder mina 4FP p\u00e5 discipliner.", "resolved": "UNRESOLVED", "character": null, "session": null, "domain": null, "discipline": null, "history_date": "2016-02-08T12:23:01.126Z", "history_user": 1, "history_type": "~"}}, {"model": "players.historicalfeeding", "pk": 36, "fields": {"id": 18, "feeding_points": 4, "description": "Stirrar intensivt tills de ger mig sitt blod f\u00f6r att jag ska sluta.\r\n\r\nAnv\u00e4nder mina 4FP p\u00e5 discipliner.", "resolved": "UNRESOLVED", "character": null, "session": null, "domain": null, "discipline": null, "history_date": "2016-02-08T12:23:01.550Z", "history_user": 1, "history_type": "~"}}, {"model": "players.historicalfeeding", "pk": 37, "fields": {"id": 18, "feeding_points": 4, "description": "Stirrar intensivt tills de ger mig sitt blod f\u00f6r att jag ska sluta.\r\n\r\nAnv\u00e4nder mina 4FP p\u00e5 discipliner.", "resolved": "RESOLVED", "character": null, "session": null, "domain": null, "discipline": null, "history_date": "2016-02-08T12:23:10.154Z", "history_user": 1, "history_type": "~"}}, {"model": "players.historicalfeeding", "pk": 38, "fields": {"id": 17, "feeding_points": 5, "description": "Jag dricker riktigt snabbt!", "resolved": "PENDING", "character": null, "session": null, "domain": null, "discipline": null, "history_date": "2016-02-08T12:23:53.939Z", "history_user": 1, "history_type": "~"}}, {"model": "players.historicalfeeding", "pk": 39, "fields": {"id": 19, "feeding_points": 5, "description": "Heightened senser.", "resolved": "UNRESOLVED", "character": null, "session": null, "domain": null, "discipline": null, "history_date": "2016-02-16T15:27:49.278Z", "history_user": 5, "history_type": "+"}}, {"model": "players.historicalfeeding", "pk": 40, "fields": {"id": 19, "feeding_points": 21, "description": "Heightened senser.", "resolved": "UNRESOLVED", "character": null, "session": null, "domain": null, "discipline": null, "history_date": "2016-02-16T15:34:41.371Z", "history_user": 1, "history_type": "~"}}, {"model": "players.historicalfeeding", "pk": 41, "fields": {"id": 20, "feeding_points": 13, "description": "om nom nom", "resolved": "UNRESOLVED", "character": null, "session": null, "domain": null, "discipline": null, "history_date": "2016-02-16T15:58:03.369Z", "history_user": 4, "history_type": "+"}}, {"model": "players.historicalfeeding", "pk": 42, "fields": {"id": 21, "feeding_points": 7, "description": "noooomnomnom", "resolved": "UNRESOLVED", "character": null, "session": null, "domain": null, "discipline": null, "history_date": "2016-02-16T15:58:03.373Z", "history_user": 4, "history_type": "+"}}, {"model": "players.historicalfeeding", "pk": 43, "fields": {"id": 22, "feeding_points": 0, "description": "rawr", "resolved": "UNRESOLVED", "character": null, "session": null, "domain": null, "discipline": null, "history_date": "2016-02-16T15:58:03.376Z", "history_user": 4, "history_type": "+"}}, {"model": "players.historicalfeeding", "pk": 44, "fields": {"id": 22, "feeding_points": 0, "description": "rawr", "resolved": "UNRESOLVED", "character": null, "session": null, "domain": null, "discipline": null, "history_date": "2016-02-16T15:59:46.944Z", "history_user": 4, "history_type": "-"}}, {"model": "players.historicalfeeding", "pk": 45, "fields": {"id": 21, "feeding_points": 7, "description": "noooomnomnom", "resolved": "UNRESOLVED", "character": null, "session": null, "domain": null, "discipline": null, "history_date": "2016-02-16T15:59:46.946Z", "history_user": 4, "history_type": "-"}}, {"model": "players.historicalfeeding", "pk": 46, "fields": {"id": 20, "feeding_points": 13, "description": "om nom nom", "resolved": "UNRESOLVED", "character": null, "session": null, "domain": null, "discipline": null, "history_date": "2016-02-16T15:59:46.947Z", "history_user": 4, "history_type": "-"}}, {"model": "players.historicalfeeding", "pk": 47, "fields": {"id": 23, "feeding_points": 0, "description": "f", "resolved": "UNRESOLVED", "character": null, "session": null, "domain": null, "discipline": null, "history_date": "2016-02-16T16:00:14.578Z", "history_user": 4, "history_type": "+"}}, {"model": "players.historicalactivedisciplines", "pk": 1, "fields": {"id": 1, "character": null, "session": null, "history_date": "2016-01-11T23:02:47.123Z", "history_user": 4, "history_type": "+"}}, {"model": "players.historicalactivedisciplines", "pk": 2, "fields": {"id": 1, "character": null, "session": null, "history_date": "2016-01-11T23:04:09.401Z", "history_user": 4, "history_type": "-"}}, {"model": "players.historicalactivedisciplines", "pk": 3, "fields": {"id": 2, "character": null, "session": null, "history_date": "2016-01-11T23:04:39.432Z", "history_user": 5, "history_type": "+"}}, {"model": "players.historicalactivedisciplines", "pk": 4, "fields": {"id": 2, "character": null, "session": null, "history_date": "2016-01-11T23:04:45.338Z", "history_user": 5, "history_type": "-"}}, {"model": "players.historicalactivedisciplines", "pk": 5, "fields": {"id": 3, "character": null, "session": null, "history_date": "2016-01-11T23:05:27.790Z", "history_user": 4, "history_type": "+"}}, {"model": "players.historicalactivedisciplines", "pk": 6, "fields": {"id": 4, "character": null, "session": null, "history_date": "2016-01-11T23:08:02.818Z", "history_user": 5, "history_type": "+"}}, {"model": "players.historicalactivedisciplines", "pk": 7, "fields": {"id": 5, "character": null, "session": null, "history_date": "2016-01-12T14:08:37.889Z", "history_user": 3, "history_type": "+"}}, {"model": "players.historicalactivedisciplines", "pk": 8, "fields": {"id": 6, "character": null, "session": null, "history_date": "2016-01-13T12:51:34.726Z", "history_user": 5, "history_type": "+"}}, {"model": "players.historicalactivedisciplines", "pk": 9, "fields": {"id": 6, "character": null, "session": null, "history_date": "2016-01-13T18:58:28.245Z", "history_user": 5, "history_type": "-"}}, {"model": "players.historicalactivedisciplines", "pk": 10, "fields": {"id": 4, "character": null, "session": null, "history_date": "2016-01-14T18:19:04.941Z", "history_user": 5, "history_type": "-"}}, {"model": "players.historicalactivedisciplines", "pk": 11, "fields": {"id": 7, "character": null, "session": null, "history_date": "2016-01-14T19:08:17.978Z", "history_user": 5, "history_type": "+"}}, {"model": "players.historicalactivedisciplines", "pk": 12, "fields": {"id": 7, "character": null, "session": null, "history_date": "2016-01-14T19:09:48.258Z", "history_user": 5, "history_type": "-"}}, {"model": "players.historicalactivedisciplines", "pk": 13, "fields": {"id": 8, "character": null, "session": null, "history_date": "2016-01-15T11:02:59.705Z", "history_user": 6, "history_type": "+"}}, {"model": "players.historicalactivedisciplines", "pk": 14, "fields": {"id": 5, "character": null, "session": null, "history_date": "2016-01-15T12:24:33.605Z", "history_user": 3, "history_type": "-"}}, {"model": "players.historicalactivedisciplines", "pk": 15, "fields": {"id": 9, "character": null, "session": null, "history_date": "2016-01-16T12:57:12.999Z", "history_user": 5, "history_type": "+"}}, {"model": "players.historicalactivedisciplines", "pk": 16, "fields": {"id": 9, "character": null, "session": null, "history_date": "2016-01-31T18:20:12.704Z", "history_user": 5, "history_type": "-"}}, {"model": "players.historicalactivedisciplines", "pk": 17, "fields": {"id": 10, "character": null, "session": null, "history_date": "2016-01-31T18:29:28.038Z", "history_user": 5, "history_type": "+"}}, {"model": "players.historicalactivedisciplines", "pk": 18, "fields": {"id": 10, "character": null, "session": null, "history_date": "2016-02-04T11:34:17.708Z", "history_user": 5, "history_type": "-"}}, {"model": "players.historicalactivedisciplines", "pk": 19, "fields": {"id": 11, "character": null, "session": null, "history_date": "2016-02-04T18:30:47.758Z", "history_user": 5, "history_type": "+"}}, {"model": "players.historicalactivedisciplines", "pk": 20, "fields": {"id": 11, "character": null, "session": null, "history_date": "2016-02-07T14:17:28.090Z", "history_user": 5, "history_type": "-"}}, {"model": "players.historicalactivedisciplines", "pk": 21, "fields": {"id": 12, "character": null, "session": null, "history_date": "2016-02-08T12:20:46.837Z", "history_user": 5, "history_type": "+"}}, {"model": "players.historicalactivedisciplines", "pk": 22, "fields": {"id": 13, "character": null, "session": null, "history_date": "2016-02-16T15:27:49.260Z", "history_user": 5, "history_type": "+"}}, {"model": "players.historicalactivedisciplines", "pk": 23, "fields": {"id": 14, "character": null, "session": null, "history_date": "2016-02-16T15:58:03.352Z", "history_user": 4, "history_type": "+"}}, {"model": "players.historicalactivedisciplines", "pk": 24, "fields": {"id": 14, "character": null, "session": null, "history_date": "2016-02-16T15:59:46.939Z", "history_user": 4, "history_type": "-"}}, {"model": "players.historicalactivedisciplines", "pk": 25, "fields": {"id": 15, "character": null, "session": null, "history_date": "2016-02-16T16:00:14.433Z", "history_user": 4, "history_type": "+"}}, {"model": "players.historicalextraaction", "pk": 1, "fields": {"id": 1, "description": "Extra action fr\u00e5n Harpyan.", "character": null, "session": null, "history_date": "2016-01-31T18:09:27.635Z", "history_user": 1, "history_type": "+"}}, {"model": "players.historicalextraaction", "pk": 2, "fields": {"id": 1, "description": "Extra action fr\u00e5n Harpyan.", "character": null, "session": null, "history_date": "2016-01-31T18:19:07.947Z", "history_user": 1, "history_type": "-"}}, {"model": "admin.logentry", "pk": 1, "fields": {"action_time": "2016-01-11T12:43:21.451Z", "user": 1, "content_type": 22, "object_id": "1", "object_repr": "Brujah", "action_flag": 1, "change_message": ""}}, {"model": "admin.logentry", "pk": 2, "fields": {"action_time": "2016-01-11T12:43:26.788Z", "user": 1, "content_type": 22, "object_id": "2", "object_repr": "Gangrel", "action_flag": 1, "change_message": ""}}, {"model": "admin.logentry", "pk": 3, "fields": {"action_time": "2016-01-11T12:43:30.367Z", "user": 1, "content_type": 22, "object_id": "3", "object_repr": "Nosferatu", "action_flag": 1, "change_message": ""}}, {"model": "admin.logentry", "pk": 4, "fields": {"action_time": "2016-01-11T12:43:34.833Z", "user": 1, "content_type": 22, "object_id": "4", "object_repr": "Malkavian", "action_flag": 1, "change_message": ""}}, {"model": "admin.logentry", "pk": 5, "fields": {"action_time": "2016-01-11T12:43:55.530Z", "user": 1, "content_type": 22, "object_id": "5", "object_repr": "Caitiff", "action_flag": 1, "change_message": ""}}, {"model": "admin.logentry", "pk": 6, "fields": {"action_time": "2016-01-11T12:44:03.676Z", "user": 1, "content_type": 22, "object_id": "6", "object_repr": "Toreador", "action_flag": 1, "change_message": ""}}, {"model": "admin.logentry", "pk": 7, "fields": {"action_time": "2016-01-11T12:44:06.729Z", "user": 1, "content_type": 22, "object_id": "7", "object_repr": "Tremere", "action_flag": 1, "change_message": ""}}, {"model": "admin.logentry", "pk": 8, "fields": {"action_time": "2016-01-11T12:44:10.689Z", "user": 1, "content_type": 22, "object_id": "8", "object_repr": "Ventrue", "action_flag": 1, "change_message": ""}}, {"model": "admin.logentry", "pk": 9, "fields": {"action_time": "2016-01-11T12:45:29.085Z", "user": 1, "content_type": 16, "object_id": "1", "object_repr": "Auspex", "action_flag": 1, "change_message": ""}}, {"model": "admin.logentry", "pk": 10, "fields": {"action_time": "2016-01-11T12:45:36.611Z", "user": 1, "content_type": 16, "object_id": "2", "object_repr": "Animalism", "action_flag": 1, "change_message": ""}}, {"model": "admin.logentry", "pk": 11, "fields": {"action_time": "2016-01-11T12:45:41.589Z", "user": 1, "content_type": 16, "object_id": "3", "object_repr": "Celerity", "action_flag": 1, "change_message": ""}}, {"model": "admin.logentry", "pk": 12, "fields": {"action_time": "2016-01-11T12:45:47.063Z", "user": 1, "content_type": 16, "object_id": "4", "object_repr": "Demenation", "action_flag": 1, "change_message": ""}}, {"model": "admin.logentry", "pk": 13, "fields": {"action_time": "2016-01-11T12:45:50.410Z", "user": 1, "content_type": 16, "object_id": "5", "object_repr": "Dominate", "action_flag": 1, "change_message": ""}}, {"model": "admin.logentry", "pk": 14, "fields": {"action_time": "2016-01-11T12:46:01.169Z", "user": 1, "content_type": 16, "object_id": "6", "object_repr": "Fortitude", "action_flag": 1, "change_message": ""}}, {"model": "admin.logentry", "pk": 15, "fields": {"action_time": "2016-01-11T12:46:08.247Z", "user": 1, "content_type": 16, "object_id": "7", "object_repr": "Obfuscate", "action_flag": 1, "change_message": ""}}, {"model": "admin.logentry", "pk": 16, "fields": {"action_time": "2016-01-11T12:46:11.689Z", "user": 1, "content_type": 16, "object_id": "8", "object_repr": "Potence", "action_flag": 1, "change_message": ""}}, {"model": "admin.logentry", "pk": 17, "fields": {"action_time": "2016-01-11T12:46:15.337Z", "user": 1, "content_type": 16, "object_id": "9", "object_repr": "Presence", "action_flag": 1, "change_message": ""}}, {"model": "admin.logentry", "pk": 18, "fields": {"action_time": "2016-01-11T12:46:19.042Z", "user": 1, "content_type": 16, "object_id": "10", "object_repr": "Protean", "action_flag": 1, "change_message": ""}}, {"model": "admin.logentry", "pk": 19, "fields": {"action_time": "2016-01-11T12:46:41.815Z", "user": 1, "content_type": 16, "object_id": "11", "object_repr": "Thaumaturgy", "action_flag": 1, "change_message": ""}}, {"model": "admin.logentry", "pk": 20, "fields": {"action_time": "2016-01-11T12:49:00.688Z", "user": 1, "content_type": 8, "object_id": "1", "object_repr": "Aid Action", "action_flag": 1, "change_message": ""}}, {"model": "admin.logentry", "pk": 21, "fields": {"action_time": "2016-01-11T12:49:28.935Z", "user": 1, "content_type": 8, "object_id": "2", "object_repr": "Conserve (Influence)", "action_flag": 1, "change_message": ""}}, {"model": "admin.logentry", "pk": 22, "fields": {"action_time": "2016-01-11T12:49:45.687Z", "user": 1, "content_type": 8, "object_id": "3", "object_repr": "Conserve (Domain)", "action_flag": 1, "change_message": ""}}, {"model": "admin.logentry", "pk": 23, "fields": {"action_time": "2016-01-11T12:50:08.441Z", "user": 1, "content_type": 8, "object_id": "4", "object_repr": "Influence (Forge)", "action_flag": 1, "change_message": ""}}, {"model": "admin.logentry", "pk": 24, "fields": {"action_time": "2016-01-11T12:50:29.366Z", "user": 1, "content_type": 8, "object_id": "5", "object_repr": "Influence (Steal)", "action_flag": 1, "change_message": ""}}, {"model": "admin.logentry", "pk": 25, "fields": {"action_time": "2016-01-11T12:50:51.017Z", "user": 1, "content_type": 8, "object_id": "6", "object_repr": "Influence (Destroy)", "action_flag": 1, "change_message": ""}}, {"model": "admin.logentry", "pk": 26, "fields": {"action_time": "2016-01-11T12:51:37.121Z", "user": 1, "content_type": 8, "object_id": "7", "object_repr": "Investigate (Character: Influence)", "action_flag": 1, "change_message": ""}}, {"model": "admin.logentry", "pk": 27, "fields": {"action_time": "2016-01-11T12:52:21.302Z", "user": 1, "content_type": 8, "object_id": "8", "object_repr": "Investigate (Character: Resources)", "action_flag": 1, "change_message": ""}}, {"model": "admin.logentry", "pk": 28, "fields": {"action_time": "2016-01-11T12:52:48.898Z", "user": 1, "content_type": 8, "object_id": "9", "object_repr": "Investigate (Character: Downtime Actions)", "action_flag": 1, "change_message": ""}}, {"model": "admin.logentry", "pk": 29, "fields": {"action_time": "2016-01-11T12:53:38.602Z", "user": 1, "content_type": 8, "object_id": "10", "object_repr": "Investigate (Counter spionage)", "action_flag": 1, "change_message": ""}}, {"model": "admin.logentry", "pk": 30, "fields": {"action_time": "2016-01-11T12:53:55.675Z", "user": 1, "content_type": 8, "object_id": "11", "object_repr": "Investigate (Phenomenon)", "action_flag": 1, "change_message": ""}}, {"model": "admin.logentry", "pk": 31, "fields": {"action_time": "2016-01-11T12:54:11.051Z", "user": 1, "content_type": 8, "object_id": "12", "object_repr": "Investigate (Influence)", "action_flag": 1, "change_message": ""}}, {"model": "admin.logentry", "pk": 32, "fields": {"action_time": "2016-01-11T12:54:20.368Z", "user": 1, "content_type": 8, "object_id": "13", "object_repr": "Learn", "action_flag": 1, "change_message": ""}}, {"model": "admin.logentry", "pk": 33, "fields": {"action_time": "2016-01-11T12:54:27.678Z", "user": 1, "content_type": 8, "object_id": "14", "object_repr": "Invest", "action_flag": 1, "change_message": ""}}, {"model": "admin.logentry", "pk": 34, "fields": {"action_time": "2016-01-11T12:54:34.893Z", "user": 1, "content_type": 8, "object_id": "15", "object_repr": "Mentor", "action_flag": 1, "change_message": ""}}, {"model": "admin.logentry", "pk": 35, "fields": {"action_time": "2016-01-11T12:54:42.488Z", "user": 1, "content_type": 8, "object_id": "16", "object_repr": "Rest", "action_flag": 1, "change_message": ""}}, {"model": "admin.logentry", "pk": 36, "fields": {"action_time": "2016-01-11T12:55:36.118Z", "user": 1, "content_type": 10, "object_id": "1", "object_repr": "[Aid Action or Conserve (Influence) or Conserve (Domain) or Influence (Forge) or Influence (Steal) or Influence (Destroy) or Investigate (Character: Influence) or Investigate (Character: Resources) or", "action_flag": 1, "change_message": ""}}, {"model": "admin.logentry", "pk": 37, "fields": {"action_time": "2016-01-11T12:55:51.407Z", "user": 1, "content_type": 10, "object_id": "2", "object_repr": "[Learn or Invest or Mentor]x1", "action_flag": 1, "change_message": ""}}, {"model": "admin.logentry", "pk": 38, "fields": {"action_time": "2016-01-11T12:55:59.572Z", "user": 1, "content_type": 10, "object_id": "3", "object_repr": "[Mentor]x1", "action_flag": 1, "change_message": ""}}, {"model": "admin.logentry", "pk": 39, "fields": {"action_time": "2016-01-11T12:56:03.028Z", "user": 1, "content_type": 10, "object_id": "4", "object_repr": "[Influence (Steal)]x1", "action_flag": 1, "change_message": ""}}, {"model": "admin.logentry", "pk": 40, "fields": {"action_time": "2016-01-11T12:56:09.251Z", "user": 1, "content_type": 10, "object_id": "5", "object_repr": "[Learn or Invest]x1", "action_flag": 1, "change_message": ""}}, {"model": "admin.logentry", "pk": 41, "fields": {"action_time": "2016-01-11T12:56:41.149Z", "user": 1, "content_type": 20, "object_id": "1", "object_repr": "Novis", "action_flag": 1, "change_message": ""}}, {"model": "admin.logentry", "pk": 42, "fields": {"action_time": "2016-01-11T12:56:52.014Z", "user": 1, "content_type": 20, "object_id": "2", "object_repr": "Neonat", "action_flag": 1, "change_message": ""}}, {"model": "admin.logentry", "pk": 43, "fields": {"action_time": "2016-01-11T12:57:05.314Z", "user": 1, "content_type": 20, "object_id": "3", "object_repr": "Ancilla", "action_flag": 1, "change_message": ""}}, {"model": "admin.logentry", "pk": 44, "fields": {"action_time": "2016-01-11T12:57:15.528Z", "user": 1, "content_type": 20, "object_id": "4", "object_repr": "\u00c4ldste", "action_flag": 1, "change_message": ""}}, {"model": "admin.logentry", "pk": 45, "fields": {"action_time": "2016-01-11T13:17:17.988Z", "user": 1, "content_type": 10, "object_id": "6", "object_repr": "[Conserve (Influence)]x1", "action_flag": 1, "change_message": ""}}, {"model": "admin.logentry", "pk": 46, "fields": {"action_time": "2016-01-11T13:17:23.335Z", "user": 1, "content_type": 18, "object_id": "1", "object_repr": "Furste", "action_flag": 1, "change_message": ""}}, {"model": "admin.logentry", "pk": 47, "fields": {"action_time": "2016-01-11T13:17:44.614Z", "user": 1, "content_type": 10, "object_id": "7", "object_repr": "[Aid Action]x1", "action_flag": 1, "change_message": ""}}, {"model": "admin.logentry", "pk": 48, "fields": {"action_time": "2016-01-11T13:18:00.278Z", "user": 1, "content_type": 18, "object_id": "2", "object_repr": "Seneskalk", "action_flag": 1, "change_message": ""}}, {"model": "admin.logentry", "pk": 49, "fields": {"action_time": "2016-01-11T13:19:18.761Z", "user": 1, "content_type": 8, "object_id": "17", "object_repr": "Patrullera dom\u00e4n", "action_flag": 1, "change_message": ""}}, {"model": "admin.logentry", "pk": 50, "fields": {"action_time": "2016-01-11T13:19:24.343Z", "user": 1, "content_type": 10, "object_id": "8", "object_repr": "[Patrullera dom\u00e4n]x1", "action_flag": 1, "change_message": ""}}, {"model": "admin.logentry", "pk": 51, "fields": {"action_time": "2016-01-11T13:19:53.254Z", "user": 1, "content_type": 8, "object_id": "18", "object_repr": "Neglegera dom\u00e4n", "action_flag": 1, "change_message": ""}}, {"model": "admin.logentry", "pk": 52, "fields": {"action_time": "2016-01-11T13:19:55.707Z", "user": 1, "content_type": 10, "object_id": "9", "object_repr": "[Neglegera dom\u00e4n]x1", "action_flag": 1, "change_message": ""}}, {"model": "admin.logentry", "pk": 53, "fields": {"action_time": "2016-01-11T13:19:59.890Z", "user": 1, "content_type": 18, "object_id": "3", "object_repr": "Lagman", "action_flag": 1, "change_message": ""}}, {"model": "admin.logentry", "pk": 54, "fields": {"action_time": "2016-01-11T13:20:43.975Z", "user": 1, "content_type": 10, "object_id": "10", "object_repr": "[Investigate (Character: Influence) or Investigate (Character: Resources) or Investigate (Character: Downtime Actions) or Investigate (Counter spionage) or Investigate (Phenomenon) or Investigate (Inf", "action_flag": 1, "change_message": ""}}, {"model": "admin.logentry", "pk": 55, "fields": {"action_time": "2016-01-11T13:20:46.615Z", "user": 1, "content_type": 18, "object_id": "4", "object_repr": "Fiskal", "action_flag": 1, "change_message": ""}}, {"model": "admin.logentry", "pk": 56, "fields": {"action_time": "2016-01-11T13:22:55.399Z", "user": 1, "content_type": 18, "object_id": "5", "object_repr": "J\u00e4gare", "action_flag": 1, "change_message": ""}}, {"model": "admin.logentry", "pk": 57, "fields": {"action_time": "2016-01-11T13:23:01.282Z", "user": 1, "content_type": 18, "object_id": "6", "object_repr": "Harpya", "action_flag": 1, "change_message": ""}}, {"model": "admin.logentry", "pk": 58, "fields": {"action_time": "2016-01-11T13:24:19.566Z", "user": 1, "content_type": 8, "object_id": "19", "object_repr": "Elysiem\u00e4starens fr\u00e5ga", "action_flag": 1, "change_message": ""}}, {"model": "admin.logentry", "pk": 59, "fields": {"action_time": "2016-01-11T13:24:23.150Z", "user": 1, "content_type": 10, "object_id": "11", "object_repr": "[Elysiem\u00e4starens fr\u00e5ga]x3", "action_flag": 1, "change_message": ""}}, {"model": "admin.logentry", "pk": 60, "fields": {"action_time": "2016-01-11T13:24:27.246Z", "user": 1, "content_type": 18, "object_id": "7", "object_repr": "Elysiem\u00e4stare", "action_flag": 1, "change_message": ""}}, {"model": "admin.logentry", "pk": 61, "fields": {"action_time": "2016-01-11T13:24:52.303Z", "user": 1, "content_type": 18, "object_id": "8", "object_repr": "Dom\u00e4n\u00e4gare", "action_flag": 1, "change_message": ""}}, {"model": "admin.logentry", "pk": 62, "fields": {"action_time": "2016-01-11T13:26:23.681Z", "user": 1, "content_type": 8, "object_id": "20", "object_repr": "Primogenens Aid Action", "action_flag": 1, "change_message": ""}}, {"model": "admin.logentry", "pk": 63, "fields": {"action_time": "2016-01-11T13:26:44.418Z", "user": 1, "content_type": 8, "object_id": "21", "object_repr": "Primogenens fr\u00e5ga", "action_flag": 1, "change_message": ""}}, {"model": "admin.logentry", "pk": 64, "fields": {"action_time": "2016-01-11T13:26:48.815Z", "user": 1, "content_type": 10, "object_id": "12", "object_repr": "[Primogenens fr\u00e5ga]x1", "action_flag": 1, "change_message": ""}}, {"model": "admin.logentry", "pk": 65, "fields": {"action_time": "2016-01-11T13:26:58.251Z", "user": 1, "content_type": 10, "object_id": "13", "object_repr": "[Primogenens Aid Action]x1", "action_flag": 1, "change_message": ""}}, {"model": "admin.logentry", "pk": 66, "fields": {"action_time": "2016-01-11T13:27:02.139Z", "user": 1, "content_type": 18, "object_id": "9", "object_repr": "Primogen", "action_flag": 1, "change_message": ""}}, {"model": "admin.logentry", "pk": 67, "fields": {"action_time": "2016-01-11T13:28:07.237Z", "user": 1, "content_type": 30, "object_id": "1", "object_repr": "[closed] Inf\u00f6r session 1", "action_flag": 1, "change_message": ""}}, {"model": "admin.logentry", "pk": 68, "fields": {"action_time": "2016-01-11T13:28:12.879Z", "user": 1, "content_type": 30, "object_id": "2", "object_repr": "[open] Inf\u00f6r session 2", "action_flag": 1, "change_message": ""}}, {"model": "admin.logentry", "pk": 69, "fields": {"action_time": "2016-01-11T13:28:15.460Z", "user": 1, "content_type": 30, "object_id": "3", "object_repr": "[open] Inf\u00f6r session 3", "action_flag": 1, "change_message": ""}}, {"model": "admin.logentry", "pk": 70, "fields": {"action_time": "2016-01-11T13:28:18.792Z", "user": 1, "content_type": 30, "object_id": "4", "object_repr": "[open] Inf\u00f6r session 4", "action_flag": 1, "change_message": ""}}, {"model": "admin.logentry", "pk": 71, "fields": {"action_time": "2016-01-11T13:28:25.129Z", "user": 1, "content_type": 30, "object_id": "2", "object_repr": "[closed] Inf\u00f6r session 2", "action_flag": 2, "change_message": "Changed is_open."}}, {"model": "admin.logentry", "pk": 72, "fields": {"action_time": "2016-01-11T13:28:28.301Z", "user": 1, "content_type": 30, "object_id": "3", "object_repr": "[closed] Inf\u00f6r session 3", "action_flag": 2, "change_message": "Changed is_open."}}, {"model": "admin.logentry", "pk": 73, "fields": {"action_time": "2016-01-11T13:28:31.850Z", "user": 1, "content_type": 30, "object_id": "4", "object_repr": "[closed] Inf\u00f6r session 4", "action_flag": 2, "change_message": "Changed is_open."}}, {"model": "admin.logentry", "pk": 74, "fields": {"action_time": "2016-01-11T13:32:47.377Z", "user": 1, "content_type": 4, "object_id": "2", "object_repr": "frans", "action_flag": 1, "change_message": ""}}, {"model": "admin.logentry", "pk": 75, "fields": {"action_time": "2016-01-11T13:33:07.406Z", "user": 1, "content_type": 4, "object_id": "2", "object_repr": "frans", "action_flag": 2, "change_message": "Changed first_name, last_name, email, is_staff and is_superuser."}}, {"model": "admin.logentry", "pk": 76, "fields": {"action_time": "2016-01-11T13:33:26.435Z", "user": 1, "content_type": 4, "object_id": "1", "object_repr": "smoiz", "action_flag": 2, "change_message": "Changed first_name and last_name."}}, {"model": "admin.logentry", "pk": 77, "fields": {"action_time": "2016-01-11T21:17:44.058Z", "user": 1, "content_type": 4, "object_id": "3", "object_repr": "hampus", "action_flag": 1, "change_message": ""}}, {"model": "admin.logentry", "pk": 78, "fields": {"action_time": "2016-01-11T21:17:52.183Z", "user": 1, "content_type": 4, "object_id": "3", "object_repr": "hampus", "action_flag": 2, "change_message": "Changed first_name."}}, {"model": "admin.logentry", "pk": 79, "fields": {"action_time": "2016-01-11T21:17:57.725Z", "user": 1, "content_type": 4, "object_id": "4", "object_repr": "hanna", "action_flag": 1, "change_message": ""}}, {"model": "admin.logentry", "pk": 80, "fields": {"action_time": "2016-01-11T21:18:06.351Z", "user": 1, "content_type": 4, "object_id": "4", "object_repr": "hanna", "action_flag": 2, "change_message": "Changed first_name."}}, {"model": "admin.logentry", "pk": 81, "fields": {"action_time": "2016-01-11T21:19:22.009Z", "user": 1, "content_type": 24, "object_id": "1", "object_repr": "Oratzio (hampus)", "action_flag": 1, "change_message": ""}}, {"model": "admin.logentry", "pk": 82, "fields": {"action_time": "2016-01-11T21:19:57.436Z", "user": 1, "content_type": 24, "object_id": "2", "object_repr": "Isra (hanna)", "action_flag": 1, "change_message": ""}}, {"model": "admin.logentry", "pk": 83, "fields": {"action_time": "2016-01-11T22:45:12.793Z", "user": 1, "content_type": 24, "object_id": "2", "object_repr": "Josia (hanna)", "action_flag": 2, "change_message": "Changed name, disciplines, titles, age and clan."}}, {"model": "admin.logentry", "pk": 84, "fields": {"action_time": "2016-01-11T22:45:56.967Z", "user": 1, "content_type": 24, "object_id": "1", "object_repr": "Gino Law (hampus)", "action_flag": 2, "change_message": "Changed name, disciplines, titles and age."}}, {"model": "admin.logentry", "pk": 85, "fields": {"action_time": "2016-01-11T22:46:09.773Z", "user": 1, "content_type": 4, "object_id": "5", "object_repr": "erik", "action_flag": 1, "change_message": ""}}, {"model": "admin.logentry", "pk": 86, "fields": {"action_time": "2016-01-11T22:46:29.293Z", "user": 1, "content_type": 24, "object_id": "3", "object_repr": "Dominik (erik)", "action_flag": 1, "change_message": ""}}, {"model": "admin.logentry", "pk": 87, "fields": {"action_time": "2016-01-11T22:46:48.974Z", "user": 1, "content_type": 4, "object_id": "6", "object_repr": "frans1", "action_flag": 1, "change_message": ""}}, {"model": "admin.logentry", "pk": 88, "fields": {"action_time": "2016-01-11T22:47:38.699Z", "user": 1, "content_type": 24, "object_id": "4", "object_repr": "Robert Jung (frans1)", "action_flag": 1, "change_message": ""}}, {"model": "admin.logentry", "pk": 89, "fields": {"action_time": "2016-01-11T22:47:48.482Z", "user": 1, "content_type": 24, "object_id": "2", "object_repr": "Josia (hanna)", "action_flag": 2, "change_message": "Changed titles."}}, {"model": "admin.logentry", "pk": 90, "fields": {"action_time": "2016-01-11T22:48:55.290Z", "user": 1, "content_type": 14, "object_id": "1", "object_repr": "Balett", "action_flag": 1, "change_message": ""}}, {"model": "admin.logentry", "pk": 91, "fields": {"action_time": "2016-01-11T22:48:58.537Z", "user": 1, "content_type": 26, "object_id": "1", "object_repr": "Racks", "action_flag": 1, "change_message": ""}}, {"model": "admin.logentry", "pk": 92, "fields": {"action_time": "2016-01-11T22:49:26.918Z", "user": 1, "content_type": 14, "object_id": "2", "object_repr": "Lol", "action_flag": 1, "change_message": ""}}, {"model": "admin.logentry", "pk": 93, "fields": {"action_time": "2016-01-11T22:49:28.136Z", "user": 1, "content_type": 26, "object_id": "2", "object_repr": "Mask", "action_flag": 1, "change_message": ""}}, {"model": "admin.logentry", "pk": 94, "fields": {"action_time": "2016-01-11T22:50:00.683Z", "user": 1, "content_type": 14, "object_id": "3", "object_repr": "Aint nobody live here", "action_flag": 1, "change_message": ""}}, {"model": "admin.logentry", "pk": 95, "fields": {"action_time": "2016-01-11T22:50:02.244Z", "user": 1, "content_type": 26, "object_id": "3", "object_repr": "Barrens", "action_flag": 1, "change_message": ""}}, {"model": "admin.logentry", "pk": 96, "fields": {"action_time": "2016-01-11T22:50:49.759Z", "user": 1, "content_type": 30, "object_id": "1", "object_repr": "[open] Inf\u00f6r session 1", "action_flag": 2, "change_message": "Changed is_open."}}, {"model": "admin.logentry", "pk": 97, "fields": {"action_time": "2016-01-11T22:59:54.197Z", "user": 1, "content_type": 24, "object_id": "2", "object_repr": "Josia (hanna)", "action_flag": 2, "change_message": "Changed disciplines."}}, {"model": "admin.logentry", "pk": 98, "fields": {"action_time": "2016-01-12T13:43:09.272Z", "user": 1, "content_type": 26, "object_id": "3", "object_repr": "Barrens - 0 FP (Balett, Lol)", "action_flag": 2, "change_message": "Changed population."}}, {"model": "admin.logentry", "pk": 99, "fields": {"action_time": "2016-01-12T13:43:14.899Z", "user": 1, "content_type": 26, "object_id": "2", "object_repr": "Mask - 8 FP (Balett, Lol)", "action_flag": 2, "change_message": "Changed population."}}, {"model": "admin.logentry", "pk": 100, "fields": {"action_time": "2016-01-12T13:43:19.426Z", "user": 1, "content_type": 26, "object_id": "1", "object_repr": "Racks - 10 FP (Aint nobody live here)", "action_flag": 2, "change_message": "Changed population."}}, {"model": "admin.logentry", "pk": 101, "fields": {"action_time": "2016-01-13T19:09:38.930Z", "user": 1, "content_type": 4, "object_id": "6", "object_repr": "frans1", "action_flag": 2, "change_message": "Changed email."}}, {"model": "admin.logentry", "pk": 102, "fields": {"action_time": "2016-01-13T19:09:46.282Z", "user": 1, "content_type": 4, "object_id": "3", "object_repr": "hampus", "action_flag": 2, "change_message": "Changed email."}}, {"model": "admin.logentry", "pk": 103, "fields": {"action_time": "2016-01-13T19:09:51.263Z", "user": 1, "content_type": 4, "object_id": "4", "object_repr": "hanna", "action_flag": 2, "change_message": "Changed email."}}, {"model": "admin.logentry", "pk": 104, "fields": {"action_time": "2016-01-13T19:09:57.118Z", "user": 1, "content_type": 4, "object_id": "5", "object_repr": "erik", "action_flag": 2, "change_message": "Changed email."}}, {"model": "admin.logentry", "pk": 105, "fields": {"action_time": "2016-01-14T19:05:13.648Z", "user": 1, "content_type": 8, "object_id": "2", "object_repr": "Conserve (Influence)", "action_flag": 2, "change_message": "Changed template."}}, {"model": "admin.logentry", "pk": 106, "fields": {"action_time": "2016-01-14T19:05:46.349Z", "user": 1, "content_type": 8, "object_id": "2", "object_repr": "Conserve (Influence)", "action_flag": 2, "change_message": "Changed template."}}, {"model": "admin.logentry", "pk": 107, "fields": {"action_time": "2016-01-15T12:46:54.177Z", "user": 1, "content_type": 4, "object_id": "7", "object_repr": "hampus1", "action_flag": 1, "change_message": ""}}, {"model": "admin.logentry", "pk": 108, "fields": {"action_time": "2016-01-15T12:55:08.357Z", "user": 1, "content_type": 4, "object_id": "7", "object_repr": "hampus1", "action_flag": 2, "change_message": "Changed is_staff and is_superuser."}}, {"model": "admin.logentry", "pk": 109, "fields": {"action_time": "2016-01-15T13:03:15.241Z", "user": 7, "content_type": 8, "object_id": "16", "object_repr": "Rest", "action_flag": 2, "change_message": "Changed template."}}, {"model": "admin.logentry", "pk": 110, "fields": {"action_time": "2016-01-15T13:03:54.296Z", "user": 7, "content_type": 8, "object_id": "15", "object_repr": "Mentor", "action_flag": 2, "change_message": "Changed template."}}, {"model": "admin.logentry", "pk": 111, "fields": {"action_time": "2016-01-15T13:09:49.719Z", "user": 7, "content_type": 8, "object_id": "12", "object_repr": "Investigate (Influence)", "action_flag": 2, "change_message": "Changed template."}}, {"model": "admin.logentry", "pk": 112, "fields": {"action_time": "2016-01-15T13:13:39.871Z", "user": 7, "content_type": 8, "object_id": "11", "object_repr": "Investigate (Phenomenon)", "action_flag": 2, "change_message": "Changed template."}}, {"model": "admin.logentry", "pk": 113, "fields": {"action_time": "2016-01-15T13:13:47.855Z", "user": 7, "content_type": 8, "object_id": "12", "object_repr": "Investigate (Influence)", "action_flag": 2, "change_message": "Changed template."}}, {"model": "admin.logentry", "pk": 114, "fields": {"action_time": "2016-01-15T13:14:02.705Z", "user": 7, "content_type": 8, "object_id": "21", "object_repr": "Primogenens fr\u00e5ga", "action_flag": 2, "change_message": "No fields changed."}}, {"model": "admin.logentry", "pk": 115, "fields": {"action_time": "2016-01-15T13:14:10.357Z", "user": 7, "content_type": 8, "object_id": "20", "object_repr": "Primogenens Aid Action", "action_flag": 2, "change_message": "No fields changed."}}, {"model": "admin.logentry", "pk": 116, "fields": {"action_time": "2016-01-15T13:14:15.560Z", "user": 7, "content_type": 8, "object_id": "19", "object_repr": "Elysiem\u00e4starens fr\u00e5ga", "action_flag": 2, "change_message": "No fields changed."}}, {"model": "admin.logentry", "pk": 117, "fields": {"action_time": "2016-01-15T13:14:24.253Z", "user": 7, "content_type": 8, "object_id": "18", "object_repr": "Neglegera dom\u00e4n", "action_flag": 2, "change_message": "No fields changed."}}, {"model": "admin.logentry", "pk": 118, "fields": {"action_time": "2016-01-15T13:14:31.638Z", "user": 7, "content_type": 8, "object_id": "17", "object_repr": "Patrullera dom\u00e4n", "action_flag": 2, "change_message": "No fields changed."}}, {"model": "admin.logentry", "pk": 119, "fields": {"action_time": "2016-01-15T13:14:53.308Z", "user": 7, "content_type": 8, "object_id": "14", "object_repr": "Invest", "action_flag": 2, "change_message": "Changed template."}}, {"model": "admin.logentry", "pk": 120, "fields": {"action_time": "2016-01-15T13:15:51.850Z", "user": 7, "content_type": 8, "object_id": "13", "object_repr": "Learn", "action_flag": 2, "change_message": "Changed template."}}, {"model": "admin.logentry", "pk": 121, "fields": {"action_time": "2016-01-15T13:17:41.888Z", "user": 7, "content_type": 8, "object_id": "10", "object_repr": "Investigate (Counter spionage)", "action_flag": 2, "change_message": "Changed template."}}, {"model": "admin.logentry", "pk": 122, "fields": {"action_time": "2016-01-15T13:21:49.529Z", "user": 7, "content_type": 8, "object_id": "9", "object_repr": "Investigate (Character: Downtime Actions)", "action_flag": 2, "change_message": "Changed template."}}, {"model": "admin.logentry", "pk": 123, "fields": {"action_time": "2016-01-15T13:23:24.132Z", "user": 7, "content_type": 8, "object_id": "8", "object_repr": "Investigate (Character: Resources)", "action_flag": 2, "change_message": "Changed template."}}, {"model": "admin.logentry", "pk": 124, "fields": {"action_time": "2016-01-15T13:26:26.709Z", "user": 7, "content_type": 8, "object_id": "9", "object_repr": "Investigate (Character: Downtime Actions)", "action_flag": 2, "change_message": "No fields changed."}}, {"model": "admin.logentry", "pk": 125, "fields": {"action_time": "2016-01-15T13:26:32.503Z", "user": 7, "content_type": 8, "object_id": "8", "object_repr": "Investigate (Character: Resources)", "action_flag": 2, "change_message": "No fields changed."}}, {"model": "admin.logentry", "pk": 126, "fields": {"action_time": "2016-01-15T13:28:52.347Z", "user": 7, "content_type": 8, "object_id": "7", "object_repr": "Investigate (Character: Influence)", "action_flag": 2, "change_message": "Changed template."}}, {"model": "admin.logentry", "pk": 127, "fields": {"action_time": "2016-01-15T13:30:42.628Z", "user": 7, "content_type": 8, "object_id": "7", "object_repr": "Investigate (Character: Influence)", "action_flag": 2, "change_message": "Changed template."}}, {"model": "admin.logentry", "pk": 128, "fields": {"action_time": "2016-01-15T15:12:04.593Z", "user": 7, "content_type": 8, "object_id": "6", "object_repr": "Influence (Destroy)", "action_flag": 2, "change_message": "Changed template."}}, {"model": "admin.logentry", "pk": 129, "fields": {"action_time": "2016-01-15T15:13:34.514Z", "user": 7, "content_type": 8, "object_id": "5", "object_repr": "Influence (Steal)", "action_flag": 2, "change_message": "Changed template."}}, {"model": "admin.logentry", "pk": 130, "fields": {"action_time": "2016-01-15T15:16:46.810Z", "user": 7, "content_type": 8, "object_id": "4", "object_repr": "Influence (Forge)", "action_flag": 2, "change_message": "Changed template."}}, {"model": "admin.logentry", "pk": 131, "fields": {"action_time": "2016-01-15T15:17:13.507Z", "user": 7, "content_type": 8, "object_id": "4", "object_repr": "Influence (Forge)", "action_flag": 2, "change_message": "Changed template."}}, {"model": "admin.logentry", "pk": 132, "fields": {"action_time": "2016-01-15T15:18:26.071Z", "user": 7, "content_type": 8, "object_id": "3", "object_repr": "Conserve (Domain)", "action_flag": 2, "change_message": "Changed template."}}, {"model": "admin.logentry", "pk": 133, "fields": {"action_time": "2016-01-15T15:19:43.547Z", "user": 7, "content_type": 8, "object_id": "2", "object_repr": "Conserve (Influence)", "action_flag": 2, "change_message": "Changed template."}}, {"model": "admin.logentry", "pk": 134, "fields": {"action_time": "2016-01-29T21:38:03.727Z", "user": 1, "content_type": 8, "object_id": "12", "object_repr": "Investigate (Influence)", "action_flag": 2, "change_message": "Changed template."}}, {"model": "admin.logentry", "pk": 135, "fields": {"action_time": "2016-01-29T21:40:21.617Z", "user": 1, "content_type": 8, "object_id": "12", "object_repr": "Investigate (Influence)", "action_flag": 2, "change_message": "Changed template."}}, {"model": "admin.logentry", "pk": 136, "fields": {"action_time": "2016-01-29T21:41:24.397Z", "user": 1, "content_type": 8, "object_id": "12", "object_repr": "Investigate (Influence)", "action_flag": 2, "change_message": "Changed template."}}, {"model": "admin.logentry", "pk": 137, "fields": {"action_time": "2016-01-29T21:41:56.409Z", "user": 1, "content_type": 8, "object_id": "5", "object_repr": "Influence (Steal)", "action_flag": 2, "change_message": "Changed template."}}, {"model": "admin.logentry", "pk": 138, "fields": {"action_time": "2016-01-29T21:42:17.931Z", "user": 1, "content_type": 8, "object_id": "4", "object_repr": "Influence (Forge)", "action_flag": 2, "change_message": "Changed template."}}, {"model": "admin.logentry", "pk": 139, "fields": {"action_time": "2016-01-29T21:42:46.846Z", "user": 1, "content_type": 8, "object_id": "4", "object_repr": "Influence (Forge)", "action_flag": 2, "change_message": "Changed template."}}, {"model": "admin.logentry", "pk": 140, "fields": {"action_time": "2016-01-29T21:43:06.243Z", "user": 1, "content_type": 8, "object_id": "6", "object_repr": "Influence (Destroy)", "action_flag": 2, "change_message": "Changed template."}}, {"model": "admin.logentry", "pk": 141, "fields": {"action_time": "2016-01-31T18:07:00.163Z", "user": 1, "content_type": 24, "object_id": "3", "object_repr": "Dominik Eisenheim (erik)", "action_flag": 2, "change_message": "Changed name, disciplines and resources."}}, {"model": "admin.logentry", "pk": 142, "fields": {"action_time": "2016-01-31T18:07:31.511Z", "user": 1, "content_type": 24, "object_id": "3", "object_repr": "Dominik Eisenheim (erik)", "action_flag": 2, "change_message": "Changed titles."}}, {"model": "admin.logentry", "pk": 143, "fields": {"action_time": "2016-01-31T18:09:27.660Z", "user": 1, "content_type": 38, "object_id": "1", "object_repr": "[Inf\u00f6r session 1] +[Aid Action or Rest or Mentor or Investigate (Phenomenon) or Influence (Steal) or Invest or Learn or Investigate (Counter spionage) or Investigate (Character: Resources) or Investig", "action_flag": 1, "change_message": ""}}, {"model": "admin.logentry", "pk": 144, "fields": {"action_time": "2016-01-31T18:13:25.114Z", "user": 1, "content_type": 18, "object_id": "3", "object_repr": "Sheriff", "action_flag": 2, "change_message": "Changed name."}}, {"model": "admin.logentry", "pk": 145, "fields": {"action_time": "2016-01-31T18:19:07.934Z", "user": 1, "content_type": 38, "object_id": "1", "object_repr": "[Inf\u00f6r session 1] +[Aid Action or Rest or Mentor or Investigate (Phenomenon) or Influence (Steal) or Invest or Learn or Investigate (Counter spionage) or Investigate (Character: Resources) or Investig", "action_flag": 3, "change_message": ""}}, {"model": "admin.logentry", "pk": 146, "fields": {"action_time": "2016-01-31T18:22:01.538Z", "user": 1, "content_type": 14, "object_id": "4", "object_repr": "\u00d6verklass", "action_flag": 1, "change_message": ""}}, {"model": "admin.logentry", "pk": 147, "fields": {"action_time": "2016-01-31T18:22:07.221Z", "user": 1, "content_type": 14, "object_id": "5", "object_repr": "Underklass", "action_flag": 1, "change_message": ""}}, {"model": "admin.logentry", "pk": 148, "fields": {"action_time": "2016-01-31T18:22:12.840Z", "user": 1, "content_type": 14, "object_id": "6", "object_repr": "Kulturella", "action_flag": 1, "change_message": ""}}, {"model": "admin.logentry", "pk": 149, "fields": {"action_time": "2016-01-31T18:22:27.667Z", "user": 1, "content_type": 26, "object_id": "1", "object_repr": "Racks - 20 FP (\u00d6verklass, Underklass, Kulturella)", "action_flag": 2, "change_message": "Changed feeding_capacity and population."}}, {"model": "admin.logentry", "pk": 150, "fields": {"action_time": "2016-01-31T18:22:45.699Z", "user": 1, "content_type": 26, "object_id": "2", "object_repr": "Mask - 8 FP (Balett, Lol)", "action_flag": 3, "change_message": ""}}, {"model": "admin.logentry", "pk": 151, "fields": {"action_time": "2016-01-31T18:23:08.360Z", "user": 1, "content_type": 14, "object_id": "7", "object_repr": "Tumbleweed", "action_flag": 1, "change_message": ""}}, {"model": "admin.logentry", "pk": 152, "fields": {"action_time": "2016-01-31T18:23:11.905Z", "user": 1, "content_type": 26, "object_id": "3", "object_repr": "Barrens - 0 FP (Underklass, Kulturella, Tumbleweed)", "action_flag": 2, "change_message": "Changed population."}}, {"model": "admin.logentry", "pk": 153, "fields": {"action_time": "2016-02-02T21:44:14.429Z", "user": 1, "content_type": 4, "object_id": "5", "object_repr": "erik", "action_flag": 2, "change_message": "Changed email."}}, {"model": "admin.logentry", "pk": 154, "fields": {"action_time": "2016-02-04T10:27:58.314Z", "user": 1, "content_type": 39, "object_id": "1", "object_repr": "treachery.eu", "action_flag": 2, "change_message": "Changed domain and name."}}, {"model": "admin.logentry", "pk": 155, "fields": {"action_time": "2016-02-04T10:36:45.467Z", "user": 1, "content_type": 4, "object_id": "8", "object_repr": "noplayer", "action_flag": 1, "change_message": ""}}, {"model": "admin.logentry", "pk": 156, "fields": {"action_time": "2016-02-04T10:37:26.344Z", "user": 1, "content_type": 4, "object_id": "8", "object_repr": "noplayer", "action_flag": 2, "change_message": "Changed email."}}, {"model": "admin.logentry", "pk": 157, "fields": {"action_time": "2016-02-04T11:29:46.087Z", "user": 1, "content_type": 12, "object_id": "1", "object_repr": "Politik", "action_flag": 1, "change_message": ""}}, {"model": "admin.logentry", "pk": 158, "fields": {"action_time": "2016-02-04T11:30:00.705Z", "user": 1, "content_type": 28, "object_id": "1", "object_repr": "[Dominik Eisenheim (erik)] Politik: 3", "action_flag": 1, "change_message": ""}}, {"model": "admin.logentry", "pk": 159, "fields": {"action_time": "2016-02-04T11:46:10.859Z", "user": 1, "content_type": 26, "object_id": "3", "object_repr": "Barrens - FP: 0, S: 1, I: 1, M: Bruten, P: [Underklass, Kulturella, Tumbleweed]", "action_flag": 2, "change_message": "Changed status, influence and masquerade."}}, {"model": "admin.logentry", "pk": 160, "fields": {"action_time": "2016-02-04T11:46:18.399Z", "user": 1, "content_type": 26, "object_id": "1", "object_repr": "Racks - FP: 20, S: 3, I: 2, M: Normal, P: [\u00d6verklass, Underklass, Kulturella]", "action_flag": 2, "change_message": "Changed status, influence and masquerade."}}, {"model": "admin.logentry", "pk": 161, "fields": {"action_time": "2016-02-17T13:13:27.844Z", "user": 1, "content_type": 12, "object_id": "2", "object_repr": "Lag & Ordning", "action_flag": 1, "change_message": "Added."}}, {"model": "admin.logentry", "pk": 162, "fields": {"action_time": "2016-02-17T13:13:32.998Z", "user": 1, "content_type": 12, "object_id": "3", "object_repr": "Religion & Ockult", "action_flag": 1, "change_message": "Added."}}, {"model": "admin.logentry", "pk": 163, "fields": {"action_time": "2016-02-17T13:13:39.996Z", "user": 1, "content_type": 12, "object_id": "4", "object_repr": "Turism", "action_flag": 1, "change_message": "Added."}}, {"model": "admin.logentry", "pk": 164, "fields": {"action_time": "2016-02-17T13:14:53.533Z", "user": 1, "content_type": 42, "object_id": "1", "object_repr": "[Inf\u00f6r session 3] Politik: Borgm\u00e4staren \u00e4r mutad av ett stort f\u00f6retag f\u00f6r att l\u00e5ta dem dumpa gifter i floden.", "action_flag": 1, "change_message": "Added."}}, {"model": "admin.logentry", "pk": 165, "fields": {"action_time": "2016-02-17T13:16:12.730Z", "user": 1, "content_type": 42, "object_id": "2", "object_repr": "[Inf\u00f6r session 3] Lag & Ordning: Polism\u00e4staren \u00e4r en skurk", "action_flag": 1, "change_message": "Added."}}, {"model": "admin.logentry", "pk": 166, "fields": {"action_time": "2016-02-17T13:16:31.149Z", "user": 1, "content_type": 42, "object_id": "3", "object_repr": "[Inf\u00f6r session 3] Turism: Turismen kommer avta n\u00e4r flygplatserna st\u00e4ngs.", "action_flag": 1, "change_message": "Added."}}, {"model": "admin.logentry", "pk": 167, "fields": {"action_time": "2016-02-17T13:16:56.745Z", "user": 1, "content_type": 28, "object_id": "2", "object_repr": "[Dominik Eisenheim (erik)] Turism: 1", "action_flag": 1, "change_message": "Added."}}, {"model": "admin.logentry", "pk": 168, "fields": {"action_time": "2016-02-17T13:17:04.827Z", "user": 1, "content_type": 28, "object_id": "3", "object_repr": "[Gino Law (hampus)] Lag & Ordning: 1", "action_flag": 1, "change_message": "Added."}}]